run;poolname;island;pool;missing;miss_comment;core;part_of_core_since;length;width;surface_calculated_DE;surface_area_VIP;surface_area;depth;height_aboveSea;sometimes_submerged;distance_toSea;distance_toTree;watersheet;casc_top;casc_middle_top;casc_middle;casc_middle_bottom;casc_bottom;catchment_area_FA;catchment_area_DE;catchment_area
579;FUN-13;FUN;13;0;NA;0;NA;295;78;1,1505;NA;1,1505;33;100;0;300;6;FUN-13;1;0;0;0;0;NA;NA;NA
578;FUN-4;FUN;4;0;NA;0;NA;266;98;1,3034;NA;1,3034;21;100;0;600;7;FUN-4;1;0;0;0;0;NA;NA;NA
580;HA1-1;HA1;1;0;NA;0;NA;233;92;1,0718;NA;1,0718;25;300;0;400;NA;HA1-1;1;0;0;0;0;NA;NA;NA
383;M-69A;M;69A;1;new pool 2016;1;2016;NA;NA;NA;NA;NA;NA;NA;0;NA;10;M-69;0;0;0;0;1;NA;NA;NA
518;SK-26A;SK;26A;1;new pool 2016;1;2016;200;175;1,75;NA;1,75;NA;180;0;900;2,5;SK-26A;1;0;0;0;0;NA;NA;NA
33;FO-19A;FO;19A;0;NA;1;2013;245;185;2,26625;NA;2,266;9;140;0;520;NA;FO-19;0;0;0;0;1;NA;6,5;6,5
44;FS-6A;FS;6A;0;NA;1;2013;175;45;0,39375;NA;0,39375;8;130;0;350;NA;FS-6A;1;0;0;0;0;NA;5;5
342;M-30A;M;30A;0;NA;1;2013;220;100;1,1;NA;1,1;7;250;0;2300;NA;M-30A;1;0;0;0;0;NA;54;54
419;N-28A;N;28A;1;lower part of pool 28 became 28A;1;2013;280;140;1,96;NA;1,96;23;120;0;650;30;N-26;0;0;0;1;0;NA;18;18
535;SK-40A;SK;40A;0;NA;1;2013;145;100;0,725;NA;0,725;10;50;1;300;NA;SK-40A;1;0;0;0;0;NA;7,5;7,5
566;M-14B;M;14B;0;NA;0;2012;280;180;2,52;NA;2,52;15;80;0;200;18;M-14B;1;0;0;0;0;NA;NA;NA
31;FO-18A;FO;18A;0;NA;1;2011;130;60;0,39;NA;0,39;15;300;0;1050;8;FO-18A;1;0;0;0;0;NA;18;18
210;G-111A;G;111A;0;NA;1;2011;90;50;0,225;NA;0,225;14;250;0;300;20;G-111A;1;0;0;0;0;NA;1,6;1,6
105;G-12A;G;12A;0;NA;1;2011;250;210;2,625;NA;2,625;6;100;0;300;33;G-12;0;0;0;0;1;NA;20;20
222;G-122A;G;122A;0;NA;1;2011;160;95;0,76;NA;0,76;15;200;0;1500;10;G-122;0;0;0;0;1;NA;11;11
132;G-37A;G;37A;0;NA;1;2011;320;190;3,04;NA;3,04;5;100;0;2500;50;G-36;1;0;0;0;0;NA;1,5;1,5
133;G-37B;G;37B;0;NA;1;2011;100;50;0,25;NA;0,25;6;100;0;2400;50;G-36;1;0;0;0;0;NA;170;170
147;G-50A;G;50A;0;NA;1;2011;65;30;0,0975;NA;0,0975;10;220;0;1900;20;G-50A;1;0;0;0;0;NA;3,5;3,5
403;N-15A;N;15A;0;NA;1;2011;310;190;2,945;NA;2,945;18;100;0;900;14;N-15A;1;0;0;0;0;NA;27;27
413;N-24A;N;24A;0;NA;1;2011;100;32;0,16;NA;0,16;28;200;0;2100;12;N-24A;1;0;0;0;0;NA;3;3
478;N-85A;N;85A;0;NA;1;2011;71;45;0,15975;NA;0,15975;11;150;0;250;23;N-85A;1;0;0;0;0;NA;1,5;1,5
265;LA-18A;LA;18A;0;NA;1;2010;126;34;0,2142;NA;0,2142;8;200;0;890;55;LA-18A;1;0;0;0;0;NA;6;6
512;SK-20A;SK;20A;0;NA;1;2010;333;168;2,7972;NA;2,7972;31;300;0;1130;2;SK-16;0;0;0;0;1;NA;4;4
1;F-1;F;1;0;NA;1;1982;NA;NA;NA;0,93;0,93;9;185;0;800;9;F-1;1;0;0;0;0;NA;4;4
10;F-10;F;10;0;NA;1;1982;NA;NA;NA;6,21;6,21;55;520;0;1700;7;F-10;1;0;0;0;0;20,4;NA;20,4
11;F-11;F;11;0;NA;1;1982;NA;NA;NA;0,39;0,39;15;100;1;600;15;F-11;1;0;0;0;0;24,1;NA;24,1
12;F-12;F;12;0;NA;1;1982;NA;NA;NA;0,43;0,43;20;65;1;250;14;F-12;1;0;0;0;0;5,5;NA;5,5
2;F-2;F;2;0;NA;1;1982;NA;NA;NA;1,31;1,31;8;210;0;1200;8;F-2;1;0;0;0;0;44,4;NA;44,4
3;F-3;F;3;0;NA;1;1982;NA;NA;NA;7,74;7,74;35;200;0;700;19;F-3;1;0;0;0;0;51,3;NA;51,3
4;F-4;F;4;0;NA;1;1982;NA;NA;NA;0,75;0,75;14;170;0;600;24;F-4;1;0;0;0;0;14,1;NA;14,1
5;F-5;F;5;0;NA;1;1982;NA;NA;NA;3,87;3,87;22;220;0;1500;13;F-5;1;0;0;0;0;31,6;NA;31,6
6;F-6;F;6;0;NA;1;1982;NA;NA;NA;103,78;103,78;45;230;0;1100;1;F-6;1;0;0;0;0;402,2;NA;402,2
7;F-7;F;7;0;NA;1;1982;NA;NA;NA;3,5;3,5;40;240;0;300;2;F-7;1;0;0;0;0;14,3;NA;14,3
8;F-8;F;8;0;NA;1;1982;NA;NA;NA;7,84;7,84;32;220;0;700;2;F-8;1;0;0;0;0;36,4;NA;36,4
9;F-9;F;9;0;NA;1;1982;NA;NA;NA;2,81;2,81;23;320;0;2200;1;F-9;1;0;0;0;0;22;NA;22
13;FO-1;FO;1;0;NA;1;1982;NA;NA;NA;0,53;0,53;20;80;0;100;23;FO-1;1;0;0;0;0;19,5;NA;19,5
22;FO-10;FO;10;0;NA;1;1982;NA;NA;NA;0,45;0,45;15;160;0;650;48;FO-10;1;0;0;0;0;8,8;NA;8,8
23;FO-11;FO;11;0;NA;1;1982;NA;NA;NA;3,86;3,86;18;190;0;900;52;FO-11;1;0;0;0;0;11,5;NA;11,5
24;FO-12;FO;12;0;NA;1;1982;NA;NA;NA;0,96;0,96;11;200;0;1100;53;FO-12;1;0;0;0;0;2,7;NA;2,7
25;FO-13;FO;13;0;NA;1;1982;NA;NA;NA;1,77;1,77;30;55;0;230;66;FO-13;1;0;0;0;0;88,4;NA;88,4
26;FO-14;FO;14;0;NA;1;1982;NA;NA;NA;0,42;0,42;10;55;0;500;18;FO-14;1;0;0;0;0;4,5;NA;4,5
27;FO-15;FO;15;0;NA;1;1982;NA;NA;NA;0,75;0,75;10;15;0;200;26;FO-15;1;0;0;0;0;2,4;NA;2,4
28;FO-16;FO;16;0;NA;1;1982;NA;NA;NA;0,27;0,27;12;250;0;1100;20;FO-16;1;0;0;0;0;1,1;NA;1,1
29;FO-17;FO;17;0;NA;1;1982;NA;NA;NA;3,02;3,02;30;250;0;1100;20;FO-17;1;0;0;0;0;8,2;NA;8,2
30;FO-18;FO;18;0;NA;1;1982;NA;NA;NA;1,1;1,1;15;130;0;650;21;FO-17;0;1;0;0;0;19,9;NA;19,9
34;FO-20;FO;20;0;NA;1;1982;NA;NA;NA;0,5;0,5;9;110;0;500;21;FO-17;0;0;0;0;1;3;NA;3
32;FO-19;FO;19;0;NA;1;1982;NA;NA;NA;0,41;0,41;11;160;0;600;21;FO-19;1;0;0;0;0;1,6;NA;1,6
14;FO-2;FO;2;0;NA;1;1982;NA;NA;NA;1,02;1,02;40;130;0;400;25;FO-2;1;0;0;0;0;31,5;NA;31,5
15;FO-3;FO;3;0;NA;1;1982;NA;NA;NA;0,63;0,63;19;125;0;230;27;FO-2;0;0;0;0;1;0,8;NA;0,8
35;FO-21;FO;21;0;NA;1;1982;220;110;1,21;1,98;1,595;34;170;0;550;1;FO-21;1;0;0;0;0;33,6;NA;33,6
36;FO-21A;FO;21A;0;NA;1;1982;330;100;1,65;NA;1,65;30;150;0;600;1;FO-21;0;0;0;0;1;NA;18;18
37;FO-22;FO;22;0;NA;1;1982;NA;NA;NA;0,68;0,68;20;135;0;300;11;FO-22;1;0;0;0;0;12,1;NA;12,1
16;FO-4;FO;4;0;NA;1;1982;NA;NA;NA;2,38;2,38;30;120;0;500;18;FO-4;1;0;0;0;0;21,2;NA;21,2
19;FO-7;FO;7;0;NA;1;1982;NA;NA;NA;2,07;2,07;25;115;0;900;21;FO-4;0;1;0;0;0;8,1;NA;8,1
20;FO-8;FO;8;0;NA;1;1982;NA;NA;NA;3,06;3,06;15;110;0;600;23;FO-4;0;0;0;0;1;10,5;NA;10,5
17;FO-5;FO;5;0;NA;1;1982;NA;NA;NA;0,41;0,41;20;100;0;550;21;FO-5;1;0;0;0;0;2,4;NA;2,4
18;FO-6;FO;6;0;NA;1;1982;NA;NA;NA;1,11;1,11;30;80;0;400;22;FO-5;0;0;0;0;1;9,3;NA;9,3
21;FO-9;FO;9;0;NA;1;1982;NA;NA;NA;6,73;6,73;36;100;1;400;28;FO-9;1;0;0;0;0;18,1;NA;18,1
38;FS-1;FS;1;0;NA;1;1982;NA;NA;NA;1,26;1,26;22;70;0;150;11;FS-1;1;0;0;0;0;12,2;NA;12,2
48;FS-10;FS;10;0;NA;1;1982;NA;NA;NA;2,14;2,14;20;300;0;800;15;FS-10;1;0;0;0;0;3,9;NA;3,9
49;FS-11;FS;11;0;NA;1;1982;NA;NA;NA;2,21;2,21;22;300;0;800;14;FS-11;1;0;0;0;0;4,7;NA;4,7
50;FS-12;FS;12;0;NA;1;1982;NA;NA;NA;1,65;1,65;22;220;0;750;17;FS-12;1;0;0;0;0;4,6;NA;4,6
51;FS-13;FS;13;0;NA;1;1982;NA;NA;NA;1,8;1,8;21;210;0;600;18;FS-12;0;1;0;0;0;4,9;NA;4,9
52;FS-14;FS;14;0;NA;1;1982;NA;NA;NA;1,5;1,5;40;130;0;500;21;FS-12;0;0;1;0;0;8,9;NA;8,9
53;FS-15;FS;15;0;NA;1;1982;NA;NA;NA;9,3;9,3;60;65;1;800;26;FS-12;0;0;0;0;1;43,6;NA;43,6
54;FS-16;FS;16;0;NA;1;1982;NA;NA;NA;0,21;0,21;10;100;0;1200;11;FS-16;1;0;0;0;0;1,9;NA;1,9
55;FS-17;FS;17;0;NA;1;1982;NA;NA;NA;3,7;3,7;25;120;0;1300;6;FS-17;1;0;0;0;0;14,5;NA;14,5
56;FS-18;FS;18;0;NA;1;1982;NA;NA;NA;0,56;0,56;22;20;1;120;11;FS-18;1;0;0;0;0;12,2;NA;12,2
57;FS-19;FS;19;0;NA;1;1982;NA;NA;NA;0,16;0,16;11;110;0;500;15;FS-19;1;0;0;0;0;2,2;NA;2,2
39;FS-2;FS;2;0;NA;1;1982;NA;NA;NA;0,99;0,99;19;80;0;500;11;FS-2;1;0;0;0;0;2,7;NA;2,7
40;FS-3;FS;3;0;NA;1;1982;NA;NA;NA;2,12;2,12;20;75;0;450;12;FS-2;0;0;0;0;1;9,7;NA;9,7
58;FS-20;FS;20;0;NA;1;1982;NA;NA;NA;3,88;3,88;30;120;0;1100;13;FS-20;1;0;0;0;0;19,3;NA;19,3
59;FS-21;FS;21;0;NA;1;1982;NA;NA;NA;1,96;1,96;21;100;0;800;18;FS-21;1;0;0;0;0;6,7;NA;6,7
60;FS-22;FS;22;0;NA;1;1982;NA;NA;NA;1,68;1,68;28;100;0;800;16;FS-22;0;0;0;0;1;8,4;NA;8,4
61;FS-23;FS;23;0;NA;1;1982;NA;NA;NA;1,26;1,26;14;20;1;1000;15;FS-23;1;0;0;0;0;15,5;NA;15,5
62;FS-24;FS;24;0;NA;1;1982;NA;NA;NA;9,57;9,57;36;10;1;700;15;FS-24;1;0;0;0;0;59;NA;59
63;FS-25;FS;25;0;NA;1;1982;NA;NA;NA;1,1;1,1;14;125;0;300;25;FS-25;1;0;0;0;0;5,9;NA;5,9
64;FS-26;FS;26;0;NA;1;1982;NA;NA;NA;1,21;1,21;38;205;0;1300;23;FS-26;1;0;0;0;0;3,4;NA;3,4
65;FS-27;FS;27;0;NA;1;1982;NA;NA;NA;4,63;4,63;26;205;0;1000;23;FS-26;0;0;0;0;1;8,8;NA;8,8
66;FS-28;FS;28;0;NA;1;1982;NA;NA;NA;0,7;0,7;21;220;0;1500;21;FS-28;1;0;0;0;0;2,2;NA;2,2
67;FS-29;FS;29;0;NA;1;1982;NA;NA;NA;0,64;0,64;30;200;0;600;30;FS-29;1;0;0;0;0;1,8;NA;1,8
68;FS-30;FS;30;0;NA;1;1982;NA;NA;NA;2,43;2,43;33;185;0;600;27;FS-30;1;0;0;0;0;11,3;NA;11,3
69;FS-31;FS;31;0;NA;1;1982;NA;NA;NA;4,63;4,63;35;180;0;600;20;FS-31;1;0;0;0;0;33,3;NA;33,3
70;FS-32;FS;32;0;NA;1;1982;NA;NA;NA;0,9;0,9;40;130;0;500;29;FS-32;1;0;0;0;0;4,7;NA;4,7
71;FS-33;FS;33;0;NA;1;1982;NA;NA;NA;1,92;1,92;20;100;1;150;31;FS-33;1;0;0;0;0;6,8;NA;6,8
41;FS-4;FS;4;0;NA;1;1982;NA;NA;NA;2;2;35;230;0;400;6;FS-4;1;0;0;0;0;4,7;NA;4,7
42;FS-5;FS;5;0;NA;1;1982;NA;NA;NA;1,07;1,07;16;150;0;700;9;FS-5;1;0;0;0;0;6,6;NA;6,6
43;FS-6;FS;6;0;NA;1;1982;NA;NA;NA;2,1;2,1;35;110;0;500;12;FS-6;1;0;0;0;0;7,2;NA;7,2
45;FS-7;FS;7;0;NA;1;1982;NA;NA;NA;0,23;0,23;11;200;0;250;21;FS-7;1;0;0;0;0;1,1;NA;1,1
46;FS-8;FS;8;0;NA;1;1982;NA;NA;NA;0,3;0,3;10;310;0;500;18;FS-8;1;0;0;0;0;0,9;NA;0,9
47;FS-9;FS;9;0;NA;1;1982;NA;NA;NA;0,72;0,72;14;310;0;500;17;FS-9;1;0;0;0;0;1,5;NA;1,5
72;FSS-1;FSS;1;0;NA;1;1982;NA;NA;NA;10,2;10,2;65;70;0;200;NA;FSS-1;1;0;0;0;0;27,6;NA;27,6
79;FSS-8;FSS;8;0;NA;1;1982;NA;NA;NA;1,95;1,95;34;70;0;200;NA;FSS-1;0;0;0;0;1;NA;4,5;4,5
81;FSS-10;FSS;10;0;NA;1;1982;NA;NA;NA;0,28;0,28;13;60;0;450;NA;FSS-10;1;0;0;0;0;1,6;NA;1,6
82;FSS-11;FSS;11;0;NA;1;1982;NA;NA;NA;0,24;0,24;10;45;0;300;NA;FSS-11;1;0;0;0;0;2,8;NA;2,8
83;FSS-12;FSS;12;0;NA;1;1982;NA;NA;NA;1,99;1,99;30;60;0;200;NA;FSS-12;1;0;0;0;0;7,3;NA;7,3
84;FSS-13;FSS;13;0;NA;1;1982;NA;NA;NA;0,6;0,6;19;60;0;150;NA;FSS-13;1;0;0;0;0;1,5;NA;1,5
85;FSS-14;FSS;14;0;NA;1;1982;NA;NA;NA;0,59;0,59;11;60;1;100;NA;FSS-13;0;0;0;0;1;6,2;NA;6,2
86;FSS-15;FSS;15;0;NA;1;1982;NA;NA;NA;2,24;2,24;15;60;0;350;NA;FSS-15;1;0;0;0;0;16,4;NA;16,4
87;FSS-16;FSS;16;0;NA;1;1982;NA;NA;NA;1,29;1,29;24;80;0;150;NA;FSS-16;1;0;0;0;0;7;NA;7
88;FSS-17;FSS;17;0;NA;1;1982;NA;NA;NA;1,82;1,82;45;90;0;350;NA;FSS-17;1;0;0;0;0;2,6;NA;2,6
89;FSS-18;FSS;18;0;NA;1;1982;NA;NA;NA;0,55;0,55;31;110;0;250;NA;FSS-18;1;0;0;0;0;1,7;NA;1,7
73;FSS-2;FSS;2;0;NA;1;1982;NA;NA;NA;0,9;0,9;40;70;0;200;NA;FSS-2;1;0;0;0;0;2,2;NA;2,2
74;FSS-3;FSS;3;0;NA;1;1982;NA;NA;NA;1,32;1,32;18;100;0;600;NA;FSS-3;1;0;0;0;0;4,1;NA;4,1
75;FSS-4;FSS;4;0;NA;1;1982;NA;NA;NA;0,23;0,23;19;70;0;250;NA;FSS-4;1;0;0;0;0;0,5;NA;0,5
76;FSS-5;FSS;5;0;NA;1;1982;NA;NA;NA;1,6;1,6;25;20;1;50;NA;FSS-5;1;0;0;0;0;NA;5,6;5,6
77;FSS-6;FSS;6;0;NA;1;1982;NA;NA;NA;0,48;0,48;22;80;0;500;NA;FSS-6;1;0;0;0;0;4,7;NA;4,7
80;FSS-9;FSS;9;0;NA;1;1982;NA;NA;NA;4,48;4,48;23;35;0;200;NA;FSS-6;0;0;0;0;1;21,5;NA;21,5
78;FSS-7;FSS;7;0;NA;1;1982;NA;NA;NA;0,81;0,81;23;70;0;500;NA;FSS-7;1;0;0;0;0;NA;4,7;4,7
90;FW-1;FW;1;0;NA;1;1982;NA;NA;NA;2,89;2,89;30;100;0;250;NA;FW-1;1;0;0;0;0;11,8;NA;11,8
91;G-1;G;1;0;NA;1;1982;NA;NA;NA;2,05;2,05;12;60;0;90;58;G-1;1;0;0;0;0;10,6;NA;10,6
198;G-100;G;100;0;NA;1;1982;135;90;0,6075;0,42;0,51375;25;400;0;900;28;G-100;1;0;0;0;0;3,5;NA;3,5
199;G-101;G;101;0;NA;1;1982;NA;NA;NA;0,87;0,87;15;390;0;1300;36;G-101;1;0;0;0;0;2,8;NA;2,8
200;G-102;G;102;0;NA;1;1982;NA;NA;NA;1,25;1,25;22;460;0;1100;25;G-102;1;0;0;0;0;29,5;NA;29,5
201;G-103;G;103;0;NA;1;1982;NA;NA;NA;1,92;1,92;24;270;0;450;35;G-103;1;0;0;0;0;31,5;NA;31,5
202;G-104;G;104;0;NA;1;1982;NA;NA;NA;1,56;1,56;40;100;1;600;40;G-104;1;0;0;0;0;41;NA;41
203;G-105;G;105;0;NA;1;1982;NA;NA;NA;0,52;0,52;31;90;0;1000;23;G-105;1;0;0;0;0;31,8;NA;31,8
204;G-106;G;106;0;NA;1;1982;NA;NA;NA;4,22;4,22;25;100;0;700;25;G-106;1;0;0;0;0;30,8;NA;30,8
205;G-107;G;107;0;NA;1;1982;NA;NA;NA;2,79;2,79;19;95;0;600;26;G-106;0;0;0;0;1;9,6;NA;9,6
206;G-108;G;108;0;NA;1;1982;NA;NA;NA;0,69;0,69;9;260;0;1300;17;G-108;1;0;0;0;0;1,4;NA;1,4
207;G-109;G;109;0;NA;1;1982;NA;NA;NA;0,52;0,52;11;270;0;1200;18;G-109;1;0;0;0;0;2;NA;2
208;G-110;G;110;0;NA;1;1982;NA;NA;NA;0,81;0,81;40;220;0;1000;18;G-110;1;0;0;0;0;9,6;NA;9,6
209;G-111;G;111;0;NA;1;1982;NA;NA;NA;3,63;3,63;21;120;0;400;17;G-112;0;0;0;0;1;4,2;NA;4,2
211;G-112;G;112;0;NA;1;1982;NA;NA;NA;0,25;0,25;10;135;0;400;17;G-112;1;0;0;0;0;0,4;NA;0,4
212;G-113;G;113;0;NA;1;1982;NA;NA;NA;1,44;1,44;20;130;0;500;14;G-114;0;0;0;0;1;3,4;NA;3,4
213;G-114;G;114;0;NA;1;1982;NA;NA;NA;0,14;0,14;19;180;0;700;15;G-114;1;0;0;0;0;0,5;NA;0,5
214;G-115;G;115;0;NA;1;1982;NA;NA;NA;1,13;1,13;7;120;0;700;16;G-115;1;0;0;0;0;7,6;NA;7,6
215;G-116;G;116;0;NA;1;1982;NA;NA;NA;0,99;0,99;25;90;0;450;18;G-116;1;0;0;0;0;1,4;NA;1,4
216;G-117;G;117;0;NA;1;1982;NA;NA;NA;0,75;0,75;10;90;0;500;18;G-117;1;0;0;0;0;3,3;NA;3,3
217;G-118;G;118;0;NA;1;1982;NA;NA;NA;0,57;0,57;10;90;0;550;16;G-118;1;0;0;0;0;4,7;NA;4,7
218;G-119;G;119;0;NA;1;1982;NA;NA;NA;0,16;0,16;10;90;0;600;20;G-119;1;0;0;0;0;0,5;NA;0,5
103;G-11;G;11;0;NA;1;1982;NA;NA;NA;1,14;1,14;7;120;0;350;52;G-12;1;0;0;0;0;2,5;NA;2,5
104;G-12;G;12;0;NA;1;1982;NA;NA;NA;1,75;1,75;9;60;0;400;50;G-12;1;0;0;0;0;15,2;NA;15,2
219;G-120;G;120;0;NA;1;1982;NA;NA;NA;0,43;0,43;11;70;0;900;21;G-120;1;0;0;0;0;0,6;NA;0,6
220;G-121;G;121;0;NA;1;1982;NA;NA;NA;0,8;0,8;8;65;0;1300;21;G-121;1;0;0;0;0;10,4;NA;10,4
221;G-122;G;122;0;NA;1;1982;NA;NA;NA;0,37;0,37;32;145;0;2000;16;G-122;1;0;0;0;0;1,8;NA;1,8
223;G-123;G;123;0;NA;1;1982;NA;NA;NA;0,25;0,25;7;125;0;1900;17;G-123;1;0;0;0;0;0,8;NA;0,8
224;G-124;G;124;0;NA;1;1982;NA;NA;NA;1,09;1,09;14;65;0;300;18;G-124;1;0;0;0;0;4,2;NA;4,2
225;G-125;G;125;0;NA;1;1982;NA;NA;NA;0,19;0,19;8;100;0;1100;19;G-125;1;0;0;0;0;1,4;NA;1,4
226;G-126;G;126;0;NA;1;1982;NA;NA;NA;0,15;0,15;10;80;0;900;21;G-126;1;0;0;0;0;8,3;NA;8,3
227;G-127;G;127;0;NA;1;1982;NA;NA;NA;0,16;0,16;7;100;0;400;9;G-126;0;0;0;0;1;0,8;NA;0,8
107;G-14;G;14;0;NA;1;1982;NA;NA;NA;1,3;1,3;19;130;0;700;39;G-14;1;0;0;0;0;7,5;NA;7,5
108;G-15;G;15;0;NA;1;1982;NA;NA;NA;0,48;0,48;7;130;0;900;40;G-15;1;0;0;0;0;1;NA;1
109;G-16;G;16;0;NA;1;1982;NA;NA;NA;1,28;1,28;19;110;0;1000;36;G-16;1;0;0;0;0;4,4;NA;4,4
110;G-17;G;17;0;NA;1;1982;NA;NA;NA;0,91;0,91;13;130;0;1000;42;G-17;1;0;0;0;0;1;NA;1
111;G-18;G;18;0;NA;1;1982;NA;NA;NA;39,17;39,17;22;70;0;900;42;G-18;1;0;0;0;0;94,3;NA;94,3
112;G-19;G;19;0;NA;1;1982;NA;NA;NA;0,76;0,76;19;80;0;1100;51;G-19;1;0;0;0;0;7;NA;7
92;G-2;G;2;0;NA;1;1982;NA;NA;NA;1,7;1,7;16;80;0;100;55;G-2;1;0;0;0;0;7,5;NA;7,5
113;G-20;G;20;0;NA;1;1982;NA;NA;NA;0,95;0,95;12;140;0;1500;32;G-20;1;0;0;0;0;6,1;NA;6,1
114;G-21;G;21;0;NA;1;1982;NA;NA;NA;15,31;15,31;28;130;0;1500;30;G-22;0;0;0;0;1;64;NA;64
115;G-22;G;22;0;NA;1;1982;NA;NA;NA;1,21;1,21;12;140;0;1500;30;G-22;1;0;0;0;0;1,7;NA;1,7
116;G-23;G;23;0;NA;1;1982;NA;NA;NA;1,61;1,61;10;180;0;1400;37;G-23;1;0;0;0;0;4,6;NA;4,6
117;G-24;G;24;0;NA;1;1982;NA;NA;NA;5,64;5,64;11;150;0;1100;39;G-23;0;1;0;0;0;6,2;NA;6,2
118;G-25;G;25;0;NA;1;1982;NA;NA;NA;2,01;2,01;10;150;0;1100;40;G-23;0;0;0;0;1;10,7;NA;10,7
119;G-26;G;26;0;NA;1;1982;NA;NA;NA;2,24;2,24;10;150;0;900;43;G-26;1;0;0;0;0;2,7;NA;2,7
120;G-27;G;27;0;NA;1;1982;NA;NA;NA;1,96;1,96;10;105;0;550;46;G-26;0;0;0;0;1;6,4;NA;6,4
121;G-28;G;28;0;NA;1;1982;NA;NA;NA;1,19;1,19;11;110;0;1200;42;G-28;1;0;0;0;0;5,6;NA;5,6
122;G-29;G;29;0;NA;1;1982;NA;NA;NA;2,81;2,81;20;105;0;1200;42;G-28;0;0;0;0;1;6,1;NA;6,1
123;G-29A;G;29A;0;NA;1;1982;NA;NA;NA;3,11;3,11;21;90;0;1500;40;G-29A;1;0;0;0;0;13,7;NA;13,7
124;G-30;G;30;0;NA;1;1982;NA;NA;NA;4,29;4,29;15;180;0;2200;33;G-30;1;0;0;0;0;25,2;NA;25,2
125;G-31;G;31;0;NA;1;1982;NA;NA;NA;1,15;1,15;10;120;0;1800;39;G-31;1;0;0;0;0;14;NA;14
126;G-32;G;32;0;NA;1;1982;NA;NA;NA;0,64;0,64;20;110;0;1700;40;G-31;0;0;0;0;1;3;NA;3
127;G-33;G;33;0;NA;1;1982;NA;NA;NA;3,52;3,52;17;60;0;1250;44;G-33;1;0;0;0;0;12,4;NA;12,4
128;G-34;G;34;0;NA;1;1982;NA;NA;NA;1,35;1,35;11;60;1;1100;45;G-34;1;0;0;0;0;3,5;NA;3,5
129;G-35;G;35;0;NA;1;1982;NA;NA;NA;0,55;0,55;14;105;0;1500;39;G-35;1;0;0;0;0;4,4;NA;4,4
130;G-36;G;36;0;NA;1;1982;NA;NA;NA;7,99;7,99;65;30;0;1700;43;G-36;1;0;0;0;0;81,8;NA;81,8
131;G-37;G;37;2;pool changed! 2 new side pools A, B;1;1982;NA;NA;NA;6,3;6,3;9;30;0;1300;46;G-36;0;0;0;0;1;60,9;NA;60,9
93;G-3;G;3;0;NA;1;1982;NA;NA;NA;2,56;2,56;8;120;0;250;50;G-3A;0;1;0;0;0;12,1;NA;12,1
94;G-3A;G;3A;0;NA;1;1982;90;60;0,27;NA;0,27;8;200;0;500;30;G-3A;1;0;0;0;0;NA;2;2
95;G-4;G;4;0;NA;1;1982;NA;NA;NA;1,09;1,09;7;105;0;100;50;G-3A;0;0;0;0;1;3,9;NA;3,9
136;G-40;G;40;0;NA;1;1982;NA;NA;NA;27,56;27,56;105;120;0;3000;31;G-40;1;0;0;0;0;164,5;NA;164,5
137;G-41;G;41;0;NA;1;1982;NA;NA;NA;19,68;19,68;102;240;0;3000;31;G-41;1;0;0;0;0;174,8;NA;174,8
134;G-38;G;38;0;NA;1;1982;NA;NA;NA;20,52;20,52;20;30;0;250;54;G-42;0;0;0;0;1;95,9;NA;95,9
135;G-39;G;39;0;NA;1;1982;NA;NA;NA;1,2;1,2;10;70;0;1500;54;G-42;0;1;0;0;0;19,5;NA;19,5
138;G-42;G;42;0;NA;1;1982;NA;NA;NA;21,25;21,25;40;210;0;1500;46;G-42;1;0;0;0;0;152,7;NA;152,7
139;G-43;G;43;0;NA;1;1982;NA;NA;NA;5,09;5,09;23;360;0;1500;44;G-43;1;0;0;0;0;12,9;NA;12,9
140;G-44;G;44;0;NA;1;1982;NA;NA;NA;1,05;1,05;19;330;0;1100;49;G-44;1;0;0;0;0;6,6;NA;6,6
141;G-45;G;45;0;NA;1;1982;NA;NA;NA;0,68;0,68;28;310;0;1100;49;G-45;1;0;0;0;0;2,6;NA;2,6
142;G-46;G;46;0;NA;1;1982;NA;NA;NA;1,24;1,24;10;230;0;1400;51;G-46;1;0;0;0;0;6,8;NA;6,8
143;G-47;G;47;0;NA;1;1982;NA;NA;NA;2,57;2,57;25;290;0;2100;36;G-47;1;0;0;0;0;14,7;NA;14,7
144;G-48;G;48;0;NA;1;1982;NA;NA;NA;0,51;0,51;12;280;0;2000;48;G-48;1;0;0;0;0;6,3;NA;6,3
145;G-49;G;49;0;NA;1;1982;NA;NA;NA;11,6;11,6;25;250;0;1500;50;G-48;0;0;0;0;1;39,7;NA;39,7
148;G-51;G;51;0;NA;1;1982;540;285;7,695;9,58;8,6375;15;95;1;400;58;G-51;0;0;0;0;1;58,5;NA;58,5
149;G-52;G;52;0;NA;1;1982;300;100;1,5;1,95;1,725;21;110;1;460;59;G-51;1;0;0;0;0;13,3;NA;13,3
96;G-5;G;5;0;NA;1;1982;NA;NA;NA;11,42;11,42;20;110;0;750;42;G-5;1;0;0;0;0;34,7;NA;34,7
106;G-13;G;13;0;NA;1;1982;NA;NA;NA;7,32;7,32;18;90;0;400;47;G-5;0;0;0;0;1;11,3;NA;11,3
150;G-53;G;53;0;NA;1;1982;NA;NA;NA;1,28;1,28;12;150;1;500;57;G-53;1;0;0;0;0;8,8;NA;8,8
146;G-50;G;50;0;NA;1;1982;NA;NA;NA;1,43;1,43;14;250;0;2300;40;G-54;0;0;0;0;1;32,4;NA;32,4
151;G-54;G;54;0;NA;1;1982;NA;NA;NA;0,63;0,63;20;310;0;2600;36;G-54;1;0;0;0;0;4;NA;4
152;G-55;G;55;0;NA;1;1982;NA;NA;NA;3,54;3,54;11;310;0;2600;34;G-55;1;0;0;0;0;12,8;NA;12,8
153;G-56;G;56;0;NA;1;1982;NA;NA;NA;1,49;1,49;12;320;0;3200;30;G-56;1;0;0;0;0;13,8;NA;13,8
154;G-57;G;57;0;NA;1;1982;NA;NA;NA;23,03;23,03;31;360;0;4700;12;G-57;1;0;0;0;0;59,4;NA;59,4
155;G-58;G;58;0;NA;1;1982;NA;NA;NA;33,87;33,87;30;360;0;3700;11;G-58;1;0;0;0;0;302,4;NA;302,4
156;G-59;G;59;0;NA;1;1982;NA;NA;NA;3,57;3,57;13;360;0;5600;10;G-59;1;0;0;0;0;8,3;NA;8,3
97;G-5A;G;5A;0;NA;1;1982;240;40;0,48;NA;0,48;10;150;0;600;35;G-5A;1;0;0;0;0;NA;3,75;3,75
98;G-6;G;6;0;NA;1;1982;NA;NA;NA;0,78;0,78;18;90;0;300;41;G-6;1;0;0;0;0;1,1;NA;1,1
157;G-60;G;60;0;NA;1;1982;NA;NA;NA;2,38;2,38;10;310;0;2600;30;G-60;1;0;0;0;0;12;NA;12
158;G-61;G;61;0;NA;1;1982;500;195;4,875;5,34;5,1075;14;250;0;2000;37;G-60;0;0;0;0;1;63,4;NA;63,4
159;G-61A;G;61A;0;NA;1;1982;150;90;0,675;NA;0,675;6;280;0;2300;20;G-60;0;1;0;0;0;NA;85;85
160;G-62;G;62;0;NA;1;1982;NA;NA;NA;2,3;2,3;12;350;0;1400;40;G-62;1;0;0;0;0;6,7;NA;6,7
161;G-63;G;63;0;NA;1;1982;NA;NA;NA;0,39;0,39;9;350;0;1650;40;G-63;1;0;0;0;0;4,6;NA;4,6
162;G-64;G;64;0;NA;1;1982;NA;NA;NA;2,1;2,1;22;260;0;1650;40;G-64;1;0;0;0;0;8,6;NA;8,6
163;G-65;G;65;0;NA;1;1982;NA;NA;NA;0,54;0,54;12;200;0;1400;45;G-65;1;0;0;0;0;10,1;NA;10,1
164;G-66;G;66;0;NA;1;1982;NA;NA;NA;0,86;0,86;15;260;0;1550;45;G-66;1;0;0;0;0;4,7;NA;4,7
165;G-67;G;67;0;NA;1;1982;NA;NA;NA;3,4;3,4;36;260;0;1400;47;G-67;1;0;0;0;0;10,2;NA;10,2
166;G-68;G;68;0;NA;1;1982;NA;NA;NA;3,19;3,19;9;310;0;2100;39;G-68;1;0;0;0;0;23,6;NA;23,6
167;G-69;G;69;0;NA;1;1982;NA;NA;NA;1,09;1,09;12;310;0;2100;40;G-69;1;0;0;0;0;18,7;NA;18,7
99;G-7;G;7;0;NA;1;1982;NA;NA;NA;0,84;0,84;9;105;0;900;43;G-7;1;0;0;0;0;3,1;NA;3,1
102;G-10;G;10;0;NA;1;1982;NA;NA;NA;1,47;1,47;13;80;0;700;48;G-7;0;0;0;0;1;7;NA;7
168;G-70;G;70;0;NA;1;1982;NA;NA;NA;1,31;1,31;10;260;0;1700;42;G-70;1;0;0;0;0;3,1;NA;3,1
169;G-71;G;71;0;NA;1;1982;NA;NA;NA;0,63;0,63;10;260;0;1700;43;G-71;1;0;0;0;0;0,8;NA;0,8
170;G-72;G;72;0;NA;1;1982;NA;NA;NA;1,44;1,44;10;260;0;1600;45;G-72;1;0;0;0;0;9,3;NA;9,3
171;G-73;G;73;0;NA;1;1982;NA;NA;NA;1,93;1,93;37;260;0;1800;40;G-73;1;0;0;0;0;10,5;NA;10,5
172;G-74;G;74;0;NA;1;1982;NA;NA;NA;7,86;7,86;36;260;0;1400;44;G-73;0;0;0;0;1;22,4;NA;22,4
173;G-75;G;75;0;NA;1;1982;NA;NA;NA;1,7;1,7;15;270;0;1400;49;G-75;1;0;0;0;0;10,7;NA;10,7
174;G-76;G;76;0;NA;1;1982;NA;NA;NA;1,27;1,27;10;350;0;1800;45;G-76;1;0;0;0;0;2,8;NA;2,8
175;G-77;G;77;0;NA;1;1982;NA;NA;NA;0,64;0,64;12;220;0;2100;48;G-77;1;0;0;0;0;4,8;NA;4,8
176;G-78;G;78;0;NA;1;1982;NA;NA;NA;0,78;0,78;11;235;0;2300;48;G-78;1;0;0;0;0;3,4;NA;3,4
177;G-79;G;79;0;NA;1;1982;420;90;1,89;3,15;2,52;24;280;0;2200;46;G-79;1;0;0;0;0;23;NA;23
100;G-8;G;8;0;NA;1;1982;NA;NA;NA;0,68;0,68;10;105;0;900;44;G-8;1;0;0;0;0;18;NA;18
101;G-9;G;9;0;NA;1;1982;NA;NA;NA;1,36;1,36;11;60;0;500;50;G-8;0;0;0;0;1;13,2;NA;13,2
178;G-80;G;80;0;NA;1;1982;420;125;2,625;4,43;3,5275;22;140;1;580;73;G-80;1;0;0;0;0;14,5;NA;14,5
179;G-81;G;81;0;NA;1;1982;200;40;0,4;0,33;0,365;22;190;0;1600;58;G-81;1;0;0;0;0;4,9;NA;4,9
180;G-82;G;82;0;NA;1;1982;290;80;1,16;1,26;1,21;27;200;0;1500;59;G-82;1;0;0;0;0;7,2;NA;7,2
181;G-83;G;83;0;NA;1;1982;450;80;1,8;4,55;3,175;20;110;1;650;60;G-82;0;0;0;0;1;42,3;NA;42,3
182;G-84;G;84;0;NA;1;1982;560;185;5,18;8,57;6,875;32;180;1;1200;60;G-84;1;0;0;0;0;45;NA;45
183;G-85;G;85;0;NA;1;1982;310;110;1,705;1,8;1,7525;10;110;1;980;58;G-84;0;0;0;0;1;4;NA;4
184;G-86;G;86;0;NA;1;1982;180;58;0,522;0,9;0,711;13;150;1;1300;60;G-84;1;0;0;0;0;2,9;NA;2,9
185;G-87;G;87;0;NA;1;1982;190;61;0,5795;0,96;0,76975;14;120;1;1100;62;G-84;0;1;0;0;0;4,4;NA;4,4
186;G-88;G;88;0;NA;1;1982;NA;NA;NA;5,19;5,19;41;85;1;800;66;G-88;1;0;0;0;0;50,1;NA;50,1
187;G-89;G;89;0;NA;1;1982;NA;NA;NA;1,08;1,08;28;370;0;3500;39;G-89;1;0;0;0;0;3,6;NA;3,6
188;G-90;G;90;0;NA;1;1982;NA;NA;NA;4,04;4,04;50;490;0;3800;16;G-90;1;0;0;0;0;19,5;NA;19,5
189;G-91;G;91;0;NA;1;1982;NA;NA;NA;0,51;0,51;20;490;0;4000;13;G-91;1;0;0;0;0;2,9;NA;2,9
190;G-92;G;92;0;NA;1;1982;NA;NA;NA;3,58;3,58;24;480;0;4100;11;G-92;1;0;0;0;0;4,2;NA;4,2
191;G-93;G;93;0;NA;1;1982;NA;NA;NA;5,71;5,71;23;550;0;1300;12;G-93;1;0;0;0;0;13,2;NA;13,2
192;G-94;G;94;0;NA;1;1982;NA;NA;NA;2,8;2,8;11;550;0;1100;16;G-94;1;0;0;0;0;12,4;NA;12,4
193;G-95;G;95;0;NA;1;1982;NA;NA;NA;2,63;2,63;25;550;0;1000;21;G-95;1;0;0;0;0;5,7;NA;5,7
194;G-96;G;96;0;NA;1;1982;NA;NA;NA;2,05;2,05;11;570;0;1100;16;G-96;1;0;0;0;0;6,1;NA;6,1
195;G-97;G;97;0;NA;1;1982;NA;NA;NA;0,45;0,45;10;520;0;1100;22;G-97;1;0;0;0;0;6,9;NA;6,9
196;G-98;G;98;0;NA;1;1982;NA;NA;NA;2,78;2,78;10;510;0;1400;30;G-98;1;0;0;0;0;5,6;NA;5,6
197;G-99;G;99;0;NA;1;1982;NA;NA;NA;3,53;3,53;10;500;0;1400;27;G-99;1;0;0;0;0;15,2;NA;15,2
228;K-1;K;1;0;NA;1;1982;320;170;2,72;3,3;3,01;24;70;0;770;NA;K-1;1;0;0;0;0;6,5;6,5;6,5
238;K-11;K;11;0;NA;1;1982;NA;NA;NA;0,48;0,48;19;100;1;300;NA;K-11;1;0;0;0;0;1,9;NA;1,9
237;K-10;K;10;0;NA;1;1982;NA;NA;NA;5,82;5,82;24;160;0;750;NA;K-12;0;0;0;0;1;17,1;NA;17,1
239;K-12;K;12;0;NA;1;1982;NA;NA;NA;1,3;1,3;18;170;0;1100;NA;K-12;1;0;0;0;0;1,9;NA;1,9
240;K-13;K;13;0;NA;1;1982;NA;NA;NA;0,18;0,18;25;180;0;1200;NA;K-13;1;0;0;0;0;0,5;NA;0,5
241;K-14;K;14;0;NA;1;1982;NA;NA;NA;3,28;3,28;20;180;0;900;NA;K-14;1;0;0;0;0;7,7;NA;7,7
243;K-16;K;16;0;NA;1;1982;NA;NA;NA;4,86;4,86;20;110;0;500;NA;K-14;0;0;0;0;1;15,4;NA;15,4
242;K-15;K;15;0;NA;1;1982;NA;NA;NA;0,67;0,67;13;190;0;800;NA;K-15;1;0;0;0;0;7;NA;7
244;K-17;K;17;0;NA;1;1982;NA;NA;NA;0,39;0,39;8;135;0;400;NA;K-17;1;0;0;0;0;8;NA;8
245;K-18;K;18;0;NA;1;1982;NA;NA;NA;2,6;2,6;20;45;0;200;NA;K-18;1;0;0;0;0;9,1;NA;9,1
229;K-2;K;2;0;NA;1;1982;190;180;1,71;3,54;2,625;22;180;0;280;NA;K-2;1;0;0;0;0;11,5;10,8;11,15
230;K-3;K;3;0;NA;1;1982;240;200;2,4;1,7;2,05;14;100;0;380;NA;K-2;0;0;0;0;1;29,8;9,7;19,75
231;K-4;K;4;0;NA;1;1982;640;205;6,56;3;4,78;15;110;0;390;NA;K-3;0;0;0;0;1;17,9;43;30,45
232;K-5;K;5;0;NA;1;1982;260;25;0,325;1,54;0,9325;16;75;0;290;NA;K-5;1;0;0;0;0;NA;2,8;2,8
233;K-6;K;6;0;NA;1;1982;NA;NA;NA;0,7;0,7;14;150;0;1000;NA;K-6;1;0;0;0;0;9,6;NA;9,6
234;K-7;K;7;0;NA;1;1982;NA;NA;NA;1,66;1,66;18;200;0;1500;NA;K-7;1;0;0;0;0;6,2;NA;6,2
235;K-8;K;8;0;NA;1;1982;NA;NA;NA;5,92;5,92;34;150;0;600;NA;K-7;0;0;0;0;1;21,7;NA;21,7
236;K-9;K;9;0;NA;1;1982;NA;NA;NA;0,9;0,9;10;160;0;1300;NA;K-7;1;0;0;0;0;7,8;NA;7,8
246;LA-1;LA;1;0;NA;1;1982;NA;NA;NA;4,7;4,7;36;100;1;300;33;LA-1;1;0;0;0;0;15,2;NA;15,2
256;LA-10;LA;10;0;NA;1;1982;NA;NA;NA;3,37;3,37;36;70;0;650;45;LA-10;1;0;0;0;0;48,1;NA;48,1
257;LA-11;LA;11;0;NA;1;1982;NA;NA;NA;0,64;0,64;20;65;0;600;48;LA-11;1;0;0;0;0;11,8;NA;11,8
258;LA-12;LA;12;0;NA;1;1982;NA;NA;NA;15,14;15,14;60;30;1;100;53;LA-12;1;0;0;0;0;59,7;NA;59,7
259;LA-13;LA;13;0;NA;1;1982;NA;NA;NA;1,1;1,1;30;45;1;400;65;LA-13;1;0;0;0;0;28,7;NA;28,7
260;LA-14;LA;14;0;NA;1;1982;NA;NA;NA;0,25;0,25;15;60;1;600;68;LA-14;1;0;0;0;0;2,5;NA;2,5
261;LA-15;LA;15;0;NA;1;1982;NA;NA;NA;0,27;0,27;11;80;0;650;80;LA-15;1;0;0;0;0;1,5;NA;1,5
262;LA-16;LA;16;0;NA;1;1982;NA;NA;NA;0,42;0,42;35;120;0;500;70;LA-16;1;0;0;0;0;1,9;NA;1,9
263;LA-17;LA;17;0;NA;1;1982;NA;NA;NA;2,7;2,7;22;70;1;300;70;LA-18;0;0;0;0;1;29;NA;29
264;LA-18;LA;18;0;NA;1;1982;NA;NA;NA;2,19;2,19;30;150;0;1050;60;LA-18;1;0;0;0;0;3,5;NA;3,5
266;LA-19;LA;19;0;NA;1;1982;NA;NA;NA;1,16;1,16;29;150;0;600;60;LA-19;1;0;0;0;0;5,3;NA;5,3
247;LA-2;LA;2;0;NA;1;1982;160;50;0,4;0,48;0,44;20;110;0;350;13;LA-2;1;0;0;0;0;2,6;NA;2,6
267;LA-20;LA;20;0;NA;1;1982;NA;NA;NA;0,67;0,67;10;140;0;550;60;LA-20;1;0;0;0;0;1;NA;1
268;LA-21;LA;21;0;NA;1;1982;NA;NA;NA;2,04;2,04;19;150;0;1300;16;LA-21;1;0;0;0;0;34,4;NA;34,4
269;LA-22;LA;22;0;NA;1;1982;NA;NA;NA;0,88;0,88;14;160;0;550;19;LA-22;1;0;0;0;0;43,7;NA;43,7
270;LA-23;LA;23;0;NA;1;1982;NA;NA;NA;1,19;1,19;30;420;0;1500;17;LA-23;1;0;0;0;0;5,2;NA;5,2
271;LA-24;LA;24;0;NA;1;1982;NA;NA;NA;0,27;0,27;10;140;0;550;19;LA-24;1;0;0;0;0;1,6;NA;1,6
272;LA-24A;LA;24A;0;NA;1;1982;100;80;0,4;0,72;0,56;25;60;1;180;20;LA-24;0;0;0;0;1;NA;16,5;16,5
273;LA-25;LA;25;0;NA;1;1982;NA;NA;NA;0,64;0,64;20;110;0;600;25;LA-25;1;0;0;0;0;5,9;NA;5,9
274;LA-26;LA;26;0;NA;1;1982;NA;NA;NA;0,36;0,36;10;160;0;700;23;LA-26;1;0;0;0;0;9,7;NA;9,7
275;LA-27;LA;27;0;NA;1;1982;NA;NA;NA;0,65;0,65;20;170;0;800;22;LA-27;1;0;0;0;0;2,7;NA;2,7
276;LA-28;LA;28;0;NA;1;1982;NA;NA;NA;0,54;0,54;11;160;0;700;23;LA-27;0;0;0;0;1;2,6;NA;2,6
277;LA-29;LA;29;0;NA;1;1982;NA;NA;NA;0,69;0,69;20;170;0;700;29;LA-29;1;0;0;0;0;3;NA;3
278;LA-30;LA;30;0;NA;1;1982;NA;NA;NA;0,18;0,18;10;160;0;600;29;LA-30;1;0;0;0;0;0,7;NA;0,7
248;LA-3;LA;3;0;NA;1;1982;NA;NA;NA;9,99;9,99;29;120;0;500;19;LA-4;0;1;0;0;0;90,5;NA;90,5
249;LA-4;LA;4;0;NA;1;1982;NA;NA;NA;0,27;0,27;10;160;0;750;18;LA-4;1;0;0;0;0;0,6;NA;0,6
250;LA-5;LA;5;0;NA;1;1982;NA;NA;NA;1,21;1,21;12;140;0;450;24;LA-4;0;0;0;0;1;3,9;NA;3,9
251;LA-6;LA;6;0;NA;1;1982;NA;NA;NA;0,26;0,26;12;120;0;350;26;LA-6;1;0;0;0;0;2,1;NA;2,1
252;LA-7;LA;7;0;NA;1;1982;NA;NA;NA;6,74;6,74;30;120;0;500;22;LA-6;0;0;0;0;1;32,1;NA;32,1
253;LA-8;LA;8;0;NA;1;1982;145;50;0,3625;0,46;0,41125;15;115;0;500;24;LA-8;1;0;0;0;0;2,8;NA;2,8
254;LA-9;LA;9;0;NA;1;1982;280;120;1,68;2,38;2,03;30;60;0;500;36;LA-9;1;0;0;0;0;12,1;12;12,05
255;LA-9A;LA;9A;0;NA;1;1982;180;74;0,666;1,12;0,893;17;65;1;480;30;LA-9;0;0;0;0;1;NA;18;18
279;LG-1;LG;1;0;NA;1;1982;NA;NA;NA;3,28;3,28;17;110;0;400;NA;LG-1;1;0;0;0;0;57,9;NA;57,9
289;LG-10;LG;10;0;NA;1;1982;NA;NA;NA;0,16;0,16;23;210;0;950;NA;LG-10;1;0;0;0;0;0,5;NA;0,5
290;LG-11;LG;11;0;NA;1;1982;NA;NA;NA;0,25;0,25;21;215;0;1100;NA;LG-11;1;0;0;0;0;0,8;NA;0,8
291;LG-12;LG;12;0;NA;1;1982;NA;NA;NA;0,65;0,65;24;190;0;400;NA;LG-12;1;0;0;0;0;5,6;NA;5,6
292;LG-13;LG;13;0;NA;1;1982;NA;NA;NA;0,6;0,6;22;270;0;1000;NA;LG-13;1;0;0;0;0;11,3;NA;11,3
293;LG-14;LG;14;0;NA;1;1982;NA;NA;NA;2,49;2,49;22;135;0;500;NA;LG-14;1;0;0;0;0;18,1;NA;18,1
294;LG-15;LG;15;0;NA;1;1982;NA;NA;NA;3,24;3,24;16;250;0;650;NA;LG-15;1;0;0;0;0;10,2;NA;10,2
295;LG-16;LG;16;0;NA;1;1982;NA;NA;NA;3,75;3,75;22;280;0;1000;NA;LG-16;1;0;0;0;0;12;NA;12
296;LG-17;LG;17;0;NA;1;1982;NA;NA;NA;2,23;2,23;27;60;0;150;NA;LG-17;1;0;0;0;0;76,4;NA;76,4
280;LG-2;LG;2;0;NA;1;1982;NA;NA;NA;0,42;0,42;10;70;0;100;NA;LG-2;1;0;0;0;0;1,6;NA;1,6
281;LG-3;LG;3;0;NA;1;1982;NA;NA;NA;0,48;0,48;6;75;0;120;NA;LG-3;1;0;0;0;0;4,7;NA;4,7
282;LG-4;LG;4;0;NA;1;1982;NA;NA;NA;0,55;0,55;17;180;0;200;NA;LG-4;1;0;0;0;0;14,6;NA;14,6
283;LG-5;LG;5;0;NA;1;1982;NA;NA;NA;1,1;1,1;9;270;0;800;NA;LG-5;1;0;0;0;0;21,5;NA;21,5
284;LG-6;LG;6;0;NA;1;1982;NA;NA;NA;3,64;3,64;21;270;0;400;NA;LG-6;1;0;0;0;0;12,1;NA;12,1
285;LG-6A;LG;6A;0;NA;1;1982;130;40;0,26;NA;0,26;16;280;0;400;NA;LG-6A;1;0;0;0;0;NA;4;4
286;LG-7;LG;7;0;NA;1;1982;NA;NA;NA;1,87;1,87;14;190;0;300;NA;LG-7;1;0;0;0;0;5,8;NA;5,8
287;LG-8;LG;8;0;NA;1;1982;NA;NA;NA;0,81;0,81;20;200;0;800;NA;LG-8;1;0;0;0;0;1,6;NA;1,6
288;LG-9;LG;9;0;NA;1;1982;NA;NA;NA;0,86;0,86;29;110;0;400;NA;LG-9;1;0;0;0;0;3;NA;3
297;LON-1;LON;1;0;NA;1;1982;NA;NA;NA;2,47;2,47;15;100;0;300;NA;LON-1;1;0;0;0;0;16,1;NA;16,1
298;LON-2;LON;2;0;NA;1;1982;NA;NA;NA;0,4;0,4;16;60;0;160;NA;LON-2;1;0;0;0;0;10,8;NA;10,8
299;LON-3;LON;3;0;NA;1;1982;NA;NA;NA;0,4;0,4;16;60;0;160;NA;LON-2;0;0;0;0;1;3,9;NA;3,9
300;LON-4;LON;4;0;NA;1;1982;NA;NA;NA;0,4;0,4;16;35;0;50;NA;LON-4;1;0;0;0;0;7,2;NA;7,2
301;LON-5;LON;5;0;NA;1;1982;95;56;0,266;0,48;0,373;12;170;0;560;NA;LON-4;0;1;0;0;0;2,6;NA;2,6
302;LON-6;LON;6;0;NA;1;1982;150;70;0,525;0,5;0,5125;16;50;0;520;NA;LON-4;0;0;0;0;1;16;NA;16
303;LON-7;LON;7;0;NA;1;1982;180;50;0,45;NA;0,45;26;150;0;750;NA;LON-7;1;0;0;0;0;6,3;8;7,15
304;LON-8;LON;8;0;NA;1;1982;180;110;0,99;NA;0,99;45;180;0;950;NA;LON-8;1;0;0;0;0;NA;4;4
305;LON-9;LON;9;0;NA;1;1982;170;43;0,3655;NA;0,3655;8;140;0;500;NA;LON-9;1;0;0;0;0;10;13,5;11,75
306;LON-9A;LON;9A;0;NA;1;1982;255;130;1,6575;NA;1,6575;27;60;1;140;NA;LON-9;0;0;0;0;1;NA;19;19
307;LONA-1;LONA;1;0;NA;1;1982;NA;NA;NA;1,5;1,5;15;80;0;240;NA;LONA-1;1;0;0;0;0;7,4;10;8,7
308;LONA-2;LONA;2;0;NA;1;1982;NA;NA;NA;0,29;0,29;14;65;0;400;NA;LONA-2;1;0;0;0;0;7,5;4;5,75
309;M-1;M;1;0;NA;1;1982;NA;NA;NA;3,56;3,56;21;60;0;320;3;M-1;1;0;0;0;0;98,4;NA;98,4
317;M-9;M;9;0;NA;1;1982;NA;NA;NA;2,9;2,9;13;240;0;850;18;M-10;0;0;0;0;1;11,3;NA;11,3
318;M-10;M;10;0;NA;1;1982;NA;NA;NA;0,71;0,71;9;240;0;1100;16;M-10;1;0;0;0;0;11;NA;11
319;M-11;M;11;0;NA;1;1982;NA;NA;NA;2,1;2,1;11;95;0;400;20;M-11;1;0;0;0;0;16,6;NA;16,6
320;M-12;M;12;0;NA;1;1982;NA;NA;NA;5,7;5,7;15;80;0;600;15;M-12;1;0;0;0;0;47,9;NA;47,9
321;M-13;M;13;0;NA;1;1982;NA;NA;NA;29,5;29,5;25;150;0;2000;2;M-13;1;0;0;0;0;62,7;NA;62,7
322;M-14;M;14;0;NA;1;1982;NA;NA;NA;1,32;1,32;6;70;0;750;14;M-14;1;0;0;0;0;8,7;NA;8,7
323;M-14A;M;14A;0;NA;1;1982;NA;NA;NA;3,92;3,92;16;180;0;1700;7;M-14A;1;0;0;0;0;NA;15,7;15,7
324;M-15;M;15;0;NA;1;1982;NA;NA;NA;7,66;7,66;21;90;0;700;18;M-15;1;0;0;0;0;25,5;NA;25,5
325;M-16;M;16;0;NA;1;1982;NA;NA;NA;3,38;3,38;10;60;0;550;21;M-16;1;0;0;0;0;12,3;NA;12,3
326;M-17;M;17;0;NA;1;1982;NA;NA;NA;13,07;13,07;19;100;0;950;10;M-18;0;0;0;0;1;31,5;NA;31,5
327;M-18;M;18;0;NA;1;1982;NA;NA;NA;1,26;1,26;9;100;0;950;13;M-18;1;0;0;0;0;3,1;NA;3,1
328;M-19;M;19;0;NA;1;1982;NA;NA;NA;0,77;0,77;11;110;0;1100;10;M-18;1;0;0;0;0;5,5;NA;5,5
310;M-2;M;2;0;NA;1;1982;150;52;0,39;0,2;0,295;8;180;0;300;13;M-2;1;0;0;0;0;5,7;NA;5,7
329;M-20;M;20;0;NA;1;1982;NA;NA;NA;4,2;4,2;11;200;0;2200;2;M-20;1;0;0;0;0;21,3;NA;21,3
330;M-21;M;21;0;NA;1;1982;NA;NA;NA;6,25;6,25;9;150;0;1600;6;M-21;1;0;0;0;0;38,6;NA;38,6
331;M-22;M;22;0;NA;1;1982;NA;NA;NA;2,57;2,57;11;150;0;1500;7;M-22;1;0;0;0;0;7,4;NA;7,4
332;M-23;M;23;0;NA;1;1982;NA;NA;NA;0,85;0,85;10;50;0;800;9;M-23;1;0;0;0;0;19,7;NA;19,7
333;M-23A;M;23A;0;NA;1;1982;215;90;0,9675;NA;0,9675;10;120;0;1200;1,5;M-23A;1;0;0;0;0;NA;16,5;16,5
334;M-24;M;24;0;NA;1;1982;NA;NA;NA;0,9;0,9;7;200;0;1200;11;M-24;1;0;0;0;0;7,1;NA;7,1
335;M-25;M;25;0;NA;1;1982;NA;NA;NA;3,42;3,42;14;170;0;1000;9;M-25;1;0;0;0;0;6,5;NA;6,5
336;M-25A;M;25A;0;NA;1;1982;120;70;0,42;NA;0,42;5;150;0;1200;2;M-25A;1;0;0;0;0;NA;3,5;3,5
337;M-26;M;26;0;NA;1;1982;NA;NA;NA;2,75;2,75;18;170;0;1000;9;M-26;1;0;0;0;0;12,2;NA;12,2
338;M-27;M;27;0;NA;1;1982;NA;NA;NA;7,97;7,97;15;160;0;800;9;M-26;0;1;0;0;0;15,8;NA;15,8
339;M-28;M;28;0;NA;1;1982;NA;NA;NA;8,05;8,05;10;150;0;1500;4;M-26;0;0;1;0;0;48,9;NA;48,9
340;M-29;M;29;0;NA;1;1982;NA;NA;NA;6,75;6,75;19;140;0;1100;3;M-26;0;0;0;0;1;21,7;NA;21,7
311;M-3;M;3;0;NA;1;1982;190;90;0,855;1,6;1,2275;20;260;0;1000;2;M-3;1;0;0;0;0;6,4;NA;6,4
341;M-30;M;30;0;NA;1;1982;NA;NA;NA;0,84;0,84;10;170;0;1800;4;M-30;1;0;0;0;0;4,6;NA;4,6
343;M-31;M;31;0;NA;1;1982;NA;NA;NA;5,64;5,64;11;170;0;1850;4;M-31;1;0;0;0;0;11,1;NA;11,1
344;M-32;M;32;0;NA;1;1982;NA;NA;NA;5,4;5,4;14;160;0;1700;7;M-32;1;0;0;0;0;8,3;NA;8,3
345;M-33;M;33;0;NA;1;1982;NA;NA;NA;0,9;0,9;15;110;0;900;12;M-33;1;0;0;0;0;15,1;NA;15,1
346;M-34;M;34;0;NA;1;1982;NA;NA;NA;5;5;15;120;0;1600;5;M-34;1;0;0;0;0;61,2;NA;61,2
347;M-35;M;35;0;NA;1;1982;NA;NA;NA;0,77;0,77;11;95;0;1200;9;M-35;1;0;0;0;0;8,7;NA;8,7
348;M-36;M;36;0;NA;1;1982;NA;NA;NA;1,87;1,87;15;90;0;1000;12;M-36;1;0;0;0;0;8,9;NA;8,9
349;M-36A;M;36A;0;NA;1;1982;NA;NA;0,74;0,51;0,62;18;90;0;950;11;M-36;0;0;0;0;1;NA;2,6;2,6
350;M-37;M;37;0;NA;1;1982;NA;NA;NA;0,68;0,68;12;100;0;1000;6;M-37;1;0;0;0;0;2,3;NA;2,3
351;M-38;M;38;0;NA;1;1982;NA;NA;NA;0,68;0,68;20;80;0;450;8;M-38;1;0;0;0;0;4,6;NA;4,6
352;M-39;M;39;0;NA;1;1982;NA;NA;NA;9,1;9,1;15;80;0;450;6;M-39;1;0;0;0;0;34,1;NA;34,1
312;M-4;M;4;0;NA;1;1982;295;120;1,77;2,5;2,135;11;300;0;1000;2;M-4;1;0;0;0;0;4,3;NA;4,3
353;M-40;M;40;0;NA;1;1982;NA;NA;NA;1,2;1,2;12;120;0;900;6;M-40;1;0;0;0;0;10,6;NA;10,6
354;M-41;M;41;0;NA;1;1982;NA;NA;NA;0,9;0,9;13;140;0;1100;9;M-41;1;0;0;0;0;5,1;NA;5,1
355;M-42;M;42;0;NA;1;1982;NA;NA;NA;1,92;1,92;12;140;0;800;13;M-42;1;0;0;0;0;5,7;NA;5,7
356;M-43;M;43;0;NA;1;1982;NA;NA;NA;5,89;5,89;30;120;0;1500;4;M-43;1;0;0;0;0;36,8;NA;36,8
357;M-44;M;44;0;NA;1;1982;NA;NA;NA;5;5;24;110;0;1200;8;M-43;0;0;0;0;1;28,5;NA;28,5
358;M-45;M;45;0;NA;1;1982;NA;NA;NA;1,28;1,28;20;70;0;500;13;M-45;1;0;0;0;0;29,4;NA;29,4
359;M-46;M;46;0;NA;1;1982;NA;NA;NA;0,49;0,49;20;80;0;400;17;M-45;0;0;0;0;1;5,7;NA;5,7
360;M-47;M;47;0;NA;1;1982;NA;NA;NA;5,1;5,1;45;35;1;150;17;M-48;0;0;0;0;1;12,7;NA;12,7
361;M-48;M;48;0;NA;1;1982;NA;NA;NA;2,44;2,44;14;30;1;300;16;M-48;1;0;0;0;0;15,4;NA;15,4
362;M-49;M;49;0;NA;1;1982;NA;NA;NA;5,12;5,12;30;40;1;230;8;M-49;1;0;0;0;0;6;NA;6
313;M-5;M;5;0;NA;1;1982;235;100;1,175;0,6;0,8875;15;80;0;600;8;M-5;1;0;0;0;0;11,4;NA;11,4
363;M-50;M;50;0;NA;1;1982;NA;NA;NA;0,77;0,77;14;70;0;600;10;M-50;1;0;0;0;0;2,9;NA;2,9
364;M-51;M;51;0;NA;1;1982;NA;NA;NA;0,25;0,25;11;60;1;500;10;M-50;0;1;0;0;0;0,4;NA;0,4
365;M-52;M;52;0;NA;1;1982;NA;NA;NA;1,63;1,63;12;40;1;230;10;M-50;0;0;0;0;1;3,6;NA;3,6
366;M-53;M;53;0;NA;1;1982;NA;NA;NA;0,99;0,99;8;135;0;950;10;M-53;1;0;0;0;0;2,7;NA;2,7
367;M-54;M;54;0;NA;1;1982;NA;NA;NA;0,9;0,9;10;135;0;850;12;M-53;0;1;0;0;0;8,1;NA;8,1
368;M-55;M;55;0;NA;1;1982;NA;NA;NA;2,97;2,97;11;130;0;650;13;M-53;0;0;1;0;0;12,2;NA;12,2
369;M-56;M;56;0;NA;1;1982;NA;NA;NA;1,71;1,71;15;100;0;600;13;M-53;0;0;0;0;1;30,8;NA;30,8
370;M-57;M;57;0;NA;1;1982;NA;NA;NA;0,98;0,98;8;130;0;650;10;M-57;1;0;0;0;0;4,5;NA;4,5
371;M-58;M;58;0;NA;1;1982;NA;NA;NA;0,69;0,69;5;130;0;500;11;M-57;0;1;0;0;0;2,8;NA;2,8
372;M-59;M;59;0;NA;1;1982;NA;NA;NA;1,23;1,23;8;130;0;200;10;M-57;0;0;0;0;1;4,5;NA;4,5
314;M-6;M;6;0;NA;1;1982;NA;NA;NA;2,03;2,03;13;100;0;300;19;M-6;1;0;0;0;0;8,8;NA;8,8
373;M-60;M;60;0;NA;1;1982;NA;NA;NA;0,53;0,53;9;200;0;500;2;M-60;1;0;0;0;0;4,7;NA;4,7
374;M-61;M;61;0;NA;1;1982;NA;NA;NA;1,27;1,27;23;180;0;350;3;M-60;0;0;0;0;1;3,3;NA;3,3
375;M-62;M;62;0;NA;1;1982;NA;NA;NA;1,6;1,6;15;40;0;100;3;M-62;1;0;0;0;0;8,7;NA;8,7
376;M-63;M;63;0;NA;1;1982;NA;NA;NA;0,21;0,21;13;80;0;150;3;M-63;1;0;0;0;0;3,6;NA;3,6
377;M-63A;M;63A;0;NA;1;1982;NA;NA;NA;6;6;19;35;0;90;7;M-63A;1;0;0;0;0;29;24;26,5
378;M-64;M;64;0;NA;1;1982;NA;NA;NA;2,41;2,41;19;110;0;230;6;M-64;1;0;0;0;0;23,6;NA;23,6
379;M-65;M;65;0;NA;1;1982;NA;NA;NA;2,21;2,21;20;60;0;500;5;M-65;1;0;0;0;0;28,5;NA;28,5
380;M-66;M;66;0;NA;1;1982;NA;NA;NA;2,23;2,23;26;110;0;650;7;M-66;1;0;0;0;0;90,1;NA;90,1
381;M-67;M;67;0;NA;1;1982;NA;NA;NA;1,73;1,73;6;110;0;400;8;M-67;1;0;0;0;0;16,2;NA;16,2
382;M-68;M;68;0;NA;1;1982;NA;NA;NA;0,93;0,93;9;145;0;1100;3;M-68;1;0;0;0;0;39,9;NA;39,9
383;M-69;M;69;0;NA;1;1982;NA;NA;NA;0,33;0,33;20;110;0;150;10;M-69;1;0;0;0;0;3,5;NA;3,5
315;M-7;M;7;0;NA;1;1982;NA;NA;NA;1,41;1,41;10;100;0;500;17;M-7;1;0;0;0;0;18,7;NA;18,7
384;M-70;M;70;0;NA;1;1982;NA;NA;NA;1,48;1,48;4;30;0;150;12;M-70;1;0;0;0;0;31,7;NA;31,7
385;M-71;M;71;0;NA;1;1982;NA;NA;NA;3,12;3,12;22;180;0;300;1;M-71;1;0;0;0;0;13,6;NA;13,6
386;M-72;M;72;0;NA;1;1982;NA;NA;NA;0,9;0,9;12;130;0;520;3;M-72;1;0;0;0;0;5,8;NA;5,8
387;M-73;M;73;0;NA;1;1982;NA;NA;NA;1,81;1,81;20;120;0;400;5;M-73;1;0;0;0;0;11,5;NA;11,5
567;M-74;M;74;0;NA;0;1982;NA;NA;NA;0,44;0,44;9;220;0;1000;4;M-74;1;0;0;0;0;NA;NA;NA
568;M-75;M;75;0;NA;0;1982;NA;NA;NA;0,37;0,37;11;100;0;500;3;M-75;1;0;0;0;0;6,3;NA;6,3
569;M-76;M;76;0;NA;0;1982;NA;NA;NA;0,25;0,25;11;100;0;500;4;M-76;1;0;0;0;0;2,5;NA;2,5
570;M-77;M;77;0;NA;0;1982;NA;NA;NA;1,55;1,55;10;100;0;450;5;M-77;1;0;0;0;0;13,8;NA;13,8
571;M-78;M;78;0;NA;0;1982;NA;NA;NA;1,4;1,4;8;80;0;500;1;M-78;1;0;0;0;0;18;NA;18
572;M-79;M;79;0;NA;0;1982;NA;NA;NA;0,69;0,69;13;80;0;500;3;M-79;1;0;0;0;0;22,5;NA;22,5
316;M-8;M;8;0;NA;1;1982;NA;NA;NA;1,05;1,05;7;220;0;900;17;M-8;1;0;0;0;0;4,7;NA;4,7
573;M-80;M;80;0;NA;0;1982;NA;NA;NA;1,4;1,4;10;120;0;500;7;M-80;1;0;0;0;0;NA;NA;NA
574;M-81;M;81;0;NA;0;1982;NA;NA;NA;1,2;1,2;21;300;0;1000;3;M-81;1;0;0;0;0;22,6;NA;22,6
575;M-82;M;82;0;NA;0;1982;NA;NA;NA;1,37;1,37;7;230;0;700;13;M-82;1;0;0;0;0;NA;NA;NA
576;M-83;M;83;0;NA;0;1982;NA;NA;NA;0,77;0,77;7;200;0;600;14;M-83;1;0;0;0;0;58,4;NA;58,4
577;M-84;M;84;0;NA;0;1982;NA;NA;NA;0,72;0,72;8;320;0;900;3;M-84;1;0;0;0;0;NA;NA;NA
388;N-1;N;1;0;NA;1;1982;NA;NA;NA;1,86;1,86;15;120;0;700;28;N-1;1;0;0;0;0;4,7;NA;4,7
397;N-10;N;10;0;NA;1;1982;NA;NA;NA;4,5;4,5;43;70;0;800;13;N-10;1;0;0;0;0;17,1;NA;17,1
398;N-11;N;11;0;NA;1;1982;NA;NA;NA;3,28;3,28;20;55;0;450;22;N-11;1;0;0;0;0;11,3;NA;11,3
400;N-13;N;13;0;NA;1;1982;NA;NA;NA;4,37;4,37;36;80;0;300;28;N-13;1;0;0;0;0;26,9;NA;26,9
399;N-12;N;12;0;NA;1;1982;NA;NA;NA;4,67;4,67;21;65;0;350;24;N-14;0;0;0;0;1;10,7;NA;10,7
401;N-14;N;14;0;NA;1;1982;NA;NA;NA;239,6;239,6;60;90;0;700;4;N-14;1;0;0;0;0;638,4;NA;638,4
402;N-15;N;15;0;NA;1;1982;NA;NA;NA;0,81;0,81;18;170;0;2100;10;N-15;1;0;0;0;0;13;NA;13
404;N-16;N;16;0;NA;1;1982;NA;NA;NA;9,04;9,04;24;100;0;500;2;N-16;1;0;0;0;0;35,2;NA;35,2
405;N-17;N;17;0;NA;1;1982;NA;NA;NA;3,5;3,5;24;90;0;700;3;N-16;0;1;0;0;0;8,1;NA;8,1
406;N-18;N;18;0;NA;1;1982;NA;NA;NA;1,21;1,21;13;80;0;800;2;N-16;0;0;1;0;0;56,1;NA;56,1
407;N-19;N;19;0;NA;1;1982;NA;NA;NA;6,26;6,26;53;80;0;700;2;N-16;0;0;0;0;1;19;NA;19
389;N-2;N;2;0;NA;1;1982;NA;NA;NA;8,46;8,46;36;150;0;300;32;N-2;1;0;0;0;0;21,3;NA;21,3
390;N-3;N;3;0;NA;1;1982;NA;NA;NA;4,51;4,51;12;140;0;600;29;N-2;0;1;0;0;0;16,9;NA;16,9
391;N-4;N;4;0;NA;1;1982;NA;NA;NA;2,64;2,64;18;140;0;700;28;N-2;0;0;1;0;0;7,7;NA;7,7
392;N-5;N;5;0;NA;1;1982;NA;NA;NA;1,12;1,12;21;120;0;800;27;N-2;0;0;0;0;1;5,9;NA;5,9
408;N-20;N;20;0;NA;1;1982;NA;NA;NA;1,78;1,78;20;180;0;1200;4;N-20;1;0;0;0;0;14,6;NA;14,6
409;N-21;N;21;0;NA;1;1982;NA;NA;NA;1,2;1,2;19;290;0;2500;11;N-21;1;0;0;0;0;10;NA;10
410;N-22;N;22;0;NA;1;1982;NA;NA;NA;0,49;0,49;26;290;0;2600;13;N-22;1;0;0;0;0;10,6;NA;10,6
411;N-23;N;23;0;NA;1;1982;NA;NA;NA;0,66;0,66;25;290;0;2600;10;N-23;1;0;0;0;0;2,3;NA;2,3
412;N-24;N;24;0;NA;1;1982;NA;NA;NA;1,23;1,23;18;230;0;2000;11;N-24;1;0;0;0;0;7,9;NA;7,9
414;N-25;N;25;0;NA;1;1982;NA;NA;NA;0,63;0,63;40;340;0;2200;14;N-25;1;0;0;0;0;8;NA;8
415;N-26;N;26;0;NA;1;1982;NA;NA;NA;5,44;5,44;34;180;0;800;21;N-26;1;0;0;0;0;43,9;NA;43,9
416;N-27;N;27;0;NA;1;1982;NA;NA;NA;3,68;3,68;17;170;0;800;26;N-26;0;1;0;0;0;9,9;NA;9,9
417;N-28;N;28;1;was N-28 until 2013-1;0;1982;NA;NA;NA;1,68;1,68;18;140;0;600;30;N-26;0;1;0;0;0;42,3;NA;42,3
418;N-28;N;28;1;lower part of pool 28 became 28A;1;1982;200;150;1,5;NA;1,5;27;130;0;1000;30;N-26;0;0;1;0;0;NA;18;18
420;N-29;N;29;0;NA;1;1982;NA;NA;NA;3,88;3,88;50;120;1;200;36;N-26;0;0;0;0;1;35,1;NA;35,1
421;N-30;N;30;0;NA;1;1982;NA;NA;NA;0,58;0,58;36;190;0;600;35;N-30;1;0;0;0;0;11,6;NA;11,6
422;N-31;N;31;0;NA;1;1982;NA;NA;NA;2,62;2,62;20;100;0;400;37;N-31;1;0;0;0;0;2,62;NA;2,62
423;N-32;N;32;0;NA;1;1982;NA;NA;NA;0,91;0,91;11;120;0;500;59;N-32;1;0;0;0;0;6,3;NA;6,3
424;N-33;N;33;0;NA;1;1982;NA;NA;NA;0,61;0,61;21;70;0;500;61;N-33;1;0;0;0;0;3,9;NA;3,9
425;N-34;N;34;0;NA;1;1982;NA;NA;NA;1,3;1,3;26;65;0;500;67;N-34;1;0;0;0;0;6,2;NA;6,2
426;N-35;N;35;0;NA;1;1982;NA;NA;NA;0,24;0,24;20;240;0;700;24;N-35;1;0;0;0;0;1,9;NA;1,9
427;N-36;N;36;0;NA;1;1982;NA;NA;NA;0,51;0,51;30;240;0;1500;18;N-36;1;0;0;0;0;2,1;NA;2,1
428;N-37;N;37;0;NA;1;1982;NA;NA;NA;46,72;46,72;50;120;0;600;19;N-37;1;0;0;0;0;85,3;NA;85,3
429;N-38;N;38;0;NA;1;1982;NA;NA;NA;0,77;0,77;30;110;0;1500;24;N-38;1;0;0;0;0;11,4;NA;11,4
430;N-39;N;39;0;NA;1;1982;NA;NA;NA;0,58;0,58;30;95;0;750;29;N-39;1;0;0;0;0;7,5;NA;7,5
431;N-39A;N;39A;0;NA;1;1982;160;77;0,616;NA;0,616;30;95;1;750;29;N-39;0;0;0;0;1;NA;13,7;13,7
432;N-40;N;40;0;NA;1;1982;NA;NA;NA;0,8;0,8;35;120;0;450;27;N-40;1;0;0;0;0;2,4;NA;2,4
433;N-41;N;41;0;NA;1;1982;NA;NA;NA;1,33;1,33;19;195;0;700;21;N-41;1;0;0;0;0;7;NA;7
434;N-42;N;42;0;NA;1;1982;890;520;23,14;27,39;25,265;60;330;0;800;14;N-42;1;0;0;0;0;50,2;NA;50,2
435;N-43;N;43;0;NA;1;1982;NA;NA;NA;2,76;2,76;20;330;0;700;20;N-43;1;0;0;0;0;19;NA;19
436;N-44;N;44;0;NA;1;1982;NA;NA;NA;5;5;18;320;0;1100;18;N-44;0;1;0;0;0;18,5;NA;18,5
437;N-45;N;45;0;NA;1;1982;132;55;0,363;0,66;0,5115;15;360;0;1200;17;N-45;1;0;0;0;0;3;NA;3
438;N-46;N;46;0;NA;1;1982;360;140;2,52;6,32;4,42;30;310;0;1000;23;N-46;1;0;0;0;0;21,8;NA;21,8
439;N-47;N;47;0;NA;1;1982;360;170;3,06;7,5;5,28;20;340;0;1800;13;N-47;0;0;0;0;1;21,9;NA;21,9
440;N-48;N;48;0;NA;1;1982;350;65;1,1375;2,65;1,89375;20;280;0;1100;19;N-48;1;0;0;0;0;15,1;NA;15,1
441;N-49;N;49;0;NA;1;1982;NA;NA;NA;21,53;21,53;27;310;0;2000;21;N-49;1;0;0;0;0;133,3;NA;133,3
442;N-50;N;50;0;NA;1;1982;NA;NA;NA;31,39;31,39;50;250;0;800;21;N-50;1;0;0;0;0;64,5;NA;64,5
443;N-51;N;51;0;NA;1;1982;NA;NA;NA;0,45;0,45;21;310;0;1100;27;N-51;1;0;0;0;0;0,6;NA;0,6
444;N-52;N;52;0;NA;1;1982;NA;NA;NA;1,1;1,1;18;310;0;1000;30;N-52;1;0;0;0;0;24,6;NA;24,6
445;N-53;N;53;0;NA;1;1982;NA;NA;NA;0,99;0,99;21;320;0;1100;30;N-53;1;0;0;0;0;5,5;NA;5,5
446;N-54;N;54;0;NA;1;1982;NA;NA;NA;0,26;0,26;19;310;0;1000;27;N-54;1;0;0;0;0;0,4;NA;0,4
447;N-55;N;55;0;NA;1;1982;NA;NA;NA;0,7;0,7;19;310;0;900;28;N-55;1;0;0;0;0;2,1;NA;2,1
448;N-56;N;56;0;NA;1;1982;NA;NA;NA;0,45;0,45;23;280;0;900;28;N-56;1;0;0;0;0;1,5;NA;1,5
449;N-57;N;57;0;NA;1;1982;NA;NA;NA;0,86;0,86;21;70;0;250;29;N-56;0;0;0;0;1;14;NA;14
450;N-58;N;58;0;NA;1;1982;NA;NA;NA;1,09;1,09;30;260;0;200;34;N-58;1;0;0;0;0;5,1;NA;5,1
451;N-59;N;59;0;NA;1;1982;NA;NA;NA;0,83;0,83;26;270;0;300;34;N-59;1;0;0;0;0;5,8;NA;5,8
393;N-6;N;6;0;NA;1;1982;NA;NA;NA;0,48;0,48;24;130;0;800;26;N-6;1;0;0;0;0;3,6;NA;3,6
452;N-60;N;60;0;NA;1;1982;NA;NA;NA;0,43;0,43;16;300;0;500;34;N-60;1;0;0;0;0;1,2;NA;1,2
453;N-61;N;61;0;NA;1;1982;NA;NA;NA;5,75;5,75;37;250;0;300;36;N-61;1;0;0;0;0;12,6;NA;12,6
454;N-62;N;62;0;NA;1;1982;NA;NA;NA;1,53;1,53;25;250;0;300;38;N-61;0;0;0;0;1;5,2;NA;5,2
455;N-63;N;63;0;NA;1;1982;NA;NA;NA;0,42;0,42;18;250;0;600;38;N-63;1;0;0;0;0;0,9;NA;0,9
456;N-64;N;64;0;NA;1;1982;NA;NA;NA;0,83;0,83;24;250;0;700;34;N-64;1;0;0;0;0;3,1;NA;3,1
457;N-65;N;65;0;NA;1;1982;NA;NA;NA;1,43;1,43;11;250;0;700;35;N-65;1;0;0;0;0;3,2;NA;3,2
458;N-66;N;66;0;NA;1;1982;NA;NA;NA;1,44;1,44;16;210;0;400;37;N-66;1;0;0;0;0;12,1;NA;12,1
459;N-67;N;67;0;NA;1;1982;NA;NA;NA;0,29;0,29;20;210;0;300;39;N-67;1;0;0;0;0;1,6;NA;1,6
460;N-68;N;68;0;NA;1;1982;NA;NA;NA;1,05;1,05;31;250;0;800;21;N-68;1;0;0;0;0;2,2;NA;2,2
461;N-69;N;69;0;NA;1;1982;NA;NA;NA;13,21;13,21;20;340;0;1200;15;N-69;1;0;0;0;0;34,8;NA;34,8
394;N-7;N;7;0;NA;1;1982;NA;NA;NA;1,13;1,13;20;70;0;1100;23;N-7;1;0;0;0;0;8,3;NA;8,3
462;N-70;N;70;0;NA;1;1982;NA;NA;NA;0,54;0,54;19;340;0;1200;19;N-70;1;0;0;0;0;3,8;NA;3,8
463;N-71;N;71;0;NA;1;1982;NA;NA;NA;0,42;0,42;20;170;0;650;27;N-71;1;0;0;0;0;1,4;NA;1,4
464;N-72;N;72;0;NA;1;1982;NA;NA;NA;7,04;7,04;41;140;0;650;18;N-72;1;0;0;0;0;36,9;NA;36,9
465;N-73;N;73;0;NA;1;1982;NA;NA;NA;1,45;1,45;10;110;0;550;23;N-73;1;0;0;0;0;3;NA;3
466;N-74;N;74;0;NA;1;1982;NA;NA;NA;1,73;1,73;21;140;0;650;13;N-74;1;0;0;0;0;10,6;NA;10,6
467;N-75;N;75;0;NA;1;1982;NA;NA;NA;3,75;3,75;32;140;0;400;13;N-74;0;0;0;0;1;9;NA;9
468;N-76;N;76;0;NA;1;1982;NA;NA;NA;1,93;1,93;23;210;0;1150;9;N-76;1;0;0;0;0;12,6;NA;12,6
469;N-77;N;77;0;NA;1;1982;NA;NA;NA;0,34;0,34;9;210;0;1000;11;N-77;1;0;0;0;0;2,9;NA;2,9
470;N-78;N;78;0;NA;1;1982;NA;NA;NA;0,44;0,44;19;150;0;800;14;N-77;0;0;0;0;1;4,9;NA;4,9
471;N-79;N;79;0;NA;1;1982;NA;NA;NA;0,42;0,42;18;180;0;900;12;N-79;1;0;0;0;0;0,7;NA;0,7
395;N-8;N;8;0;NA;1;1982;NA;NA;NA;0,16;0,16;23;70;0;400;23;N-8;1;0;0;0;0;1,7;NA;1,7
472;N-80;N;80;0;NA;1;1982;NA;NA;NA;0,39;0,39;17;140;0;500;16;N-80;1;0;0;0;0;20;NA;20
473;N-81;N;81;0;NA;1;1982;NA;NA;NA;2,19;2,19;39;190;0;700;12;N-81;1;0;0;0;0;6,2;NA;6,2
474;N-82;N;82;0;NA;1;1982;NA;NA;NA;3,19;3,19;22;180;0;500;14;N-82;1;0;0;0;0;46,8;NA;46,8
475;N-83;N;83;0;NA;1;1982;NA;NA;NA;0,6;0,6;10;110;0;400;20;N-83;1;0;0;0;0;1,8;NA;1,8
476;N-84;N;84;0;NA;1;1982;NA;NA;NA;1,77;1,77;18;100;0;700;16;N-83;0;0;0;0;1;21;NA;21
477;N-85;N;85;0;NA;1;1982;NA;NA;NA;2,05;2,05;29;70;0;500;20;N-85;1;0;0;0;0;9,7;NA;9,7
479;N-86;N;86;0;NA;1;1982;205;107;1,09675;1,38;1,238375;55;150;0;580;25;N-86;1;0;0;0;0;11,5;NA;11,5
480;N-87;N;87;0;NA;1;1982;NA;NA;NA;0,48;0,48;12;150;0;500;28;N-87;1;0;0;0;0;4,8;NA;4,8
481;N-88;N;88;0;NA;1;1982;NA;NA;NA;0,23;0,23;18;140;0;500;32;N-88;1;0;0;0;0;3,8;NA;3,8
482;N-89;N;89;0;NA;1;1982;NA;NA;NA;0,46;0,46;17;140;0;300;32;N-89;1;0;0;0;0;2,3;NA;2,3
396;N-9;N;9;0;NA;1;1982;NA;NA;NA;5,87;5,87;46;70;0;400;18;N-9;1;0;0;0;0;27,8;NA;27,8
483;N-90;N;90;0;NA;1;1982;NA;NA;NA;0,31;0,31;11;120;0;500;23;N-90;1;0;0;0;0;5,6;NA;5,6
484;N-91;N;91;0;NA;1;1982;NA;NA;NA;2,06;2,06;10;350;0;500;20;N-91;1;0;0;0;0;11,9;NA;11,9
485;N-92;N;92;0;NA;1;1982;NA;NA;NA;0,42;0,42;19;200;0;250;16;N-92;1;0;0;0;0;17,6;NA;17,6
486;N-93;N;93;0;NA;1;1982;NA;NA;NA;0,51;0,51;20;220;0;450;15;N-93;1;0;0;0;0;5,4;NA;5,4
487;N-94;N;94;0;NA;1;1982;NA;NA;NA;0,87;0,87;31;250;0;200;20;N-94;1;0;0;0;0;37,7;NA;37,7
488;N-95;N;95;0;NA;1;1982;NA;NA;NA;7,1;7,1;43;130;0;600;20;N-95;1;0;0;0;0;60,4;NA;60,4
489;N-96;N;96;0;NA;1;1982;NA;NA;NA;1,97;1,97;25;95;0;150;29;N-96;1;0;0;0;0;5,7;NA;5,7
490;N-97;N;97;0;NA;1;1982;NA;NA;NA;0,62;0,62;20;90;0;200;28;N-97;1;0;0;0;0;2,9;NA;2,9
491;N-98;N;98;0;NA;1;1982;67;38;0,1273;0,15;0,13865;15;220;0;700;12;N-98;1;0;0;0;0;0,5;NA;0,5
492;SK-1;SK;1;0;NA;1;1982;NA;NA;NA;9,88;9,88;28;150;0;500;10;SK-1;1;0;0;0;0;103,7;NA;103,7
501;SK-10;SK;10;0;NA;1;1982;NA;NA;NA;10,05;10,05;19;260;0;750;1;SK-10;1;0;0;0;0;75,4;NA;75,4
502;SK-11;SK;11;0;NA;1;1982;NA;NA;NA;0,19;0,19;9,5;80;1;150;8;SK-10;0;0;0;0;1;8,3;NA;8,3
503;SK-12;SK;12;0;NA;1;1982;NA;NA;NA;7,79;7,79;50;280;0;1300;1;SK-12;1;0;0;0;0;52,5;NA;52,5
504;SK-13;SK;13;0;NA;1;1982;NA;NA;NA;1,13;1,13;48;240;0;380;1;SK-12;0;1;0;0;0;26,5;NA;26,5
505;SK-14;SK;14;0;NA;1;1982;NA;NA;NA;0,49;0,49;8;70;1;100;7;SK-12;0;0;0;0;1;21,6;NA;21,6
506;SK-15;SK;15;0;NA;1;1982;NA;NA;NA;15,44;15,44;30;500;0;2800;1;SK-15;1;0;0;0;0;46,3;NA;46,3
507;SK-16;SK;16;0;NA;1;1982;NA;NA;NA;0,26;0,26;16;300;0;800;20;SK-16;1;0;0;0;0;1,5;NA;1,5
508;SK-17;SK;17;0;NA;1;1982;NA;NA;NA;4,56;4,56;50;300;0;850;18;SK-16;0;1;0;0;0;18,9;NA;18,9
509;SK-18;SK;18;0;NA;1;1982;NA;NA;NA;2,79;2,79;45;310;0;950;15;SK-18;1;0;0;0;0;5,9;NA;5,9
510;SK-19;SK;19;0;NA;1;1982;NA;NA;NA;1,05;1,05;27;80;1;200;28;SK-19;1;0;0;0;0;12,1;NA;12,1
511;SK-20;SK;20;0;NA;1;1982;NA;NA;NA;5,28;5,28;48;60;1;100;30;SK-19;0;0;0;0;1;15,6;NA;15,6
493;SK-2;SK;2;0;NA;1;1982;NA;NA;NA;0,96;0,96;8;50;0;200;11;SK-2;1;0;0;0;0;3,1;NA;3,1
513;SK-21;SK;21;0;NA;1;1982;NA;NA;NA;2,64;2,64;21;170;0;400;15;SK-21;1;0;0;0;0;20,6;NA;20,6
514;SK-22;SK;22;0;NA;1;1982;NA;NA;NA;1,43;1,43;27;160;0;400;14;SK-22;1;0;0;0;0;8,2;NA;8,2
515;SK-23;SK;23;0;NA;1;1982;NA;NA;NA;0,84;0,84;9;160;0;700;9;SK-23;1;0;0;0;0;2,7;NA;2,7
516;SK-24;SK;24;0;NA;1;1982;NA;NA;NA;0,42;0,42;11;250;0;900;7;SK-24;1;0;0;0;0;6,9;NA;6,9
517;SK-25;SK;25;0;NA;1;1982;NA;NA;NA;0,15;0,15;8;180;0;400;5;SK-25;1;0;0;0;0;1,8;NA;1,8
518;SK-26;SK;26;0;NA;1;1982;NA;NA;NA;0,35;0,35;11;180;0;500;3;SK-26;1;0;0;0;0;3,6;NA;3,6
519;SK-27;SK;27;0;NA;1;1982;NA;NA;NA;1,2;1,2;28;70;0;200;8;SK-27;1;0;0;0;0;14,4;NA;14,4
520;SK-28;SK;28;0;NA;1;1982;NA;NA;NA;0,9;0,9;15;200;0;1100;2;SK-28;1;0;0;0;0;22,5;NA;22,5
521;SK-29;SK;29;0;NA;1;1982;250;75;0,9375;1,58;1,25875;17;250;0;700;2;SK-29;1;0;0;0;0;11,8;NA;11,8
522;SK-29A;SK;29A;0;NA;1;1982;160;36;0,288;0,59;0,439;20;100;1;500;5;SK-29A;1;0;0;0;0;NA;4,5;4,5
494;SK-3;SK;3;0;NA;1;1982;NA;NA;NA;0,22;0,22;21;40;0;160;12;SK-3;1;0;0;0;0;1,6;NA;1,6
523;SK-30;SK;30;0;NA;1;1982;NA;NA;NA;2,24;2,24;25;320;0;400;10;SK-30;1;0;0;0;0;18,8;NA;18,8
524;SK-30A;SK;30A;0;NA;1;1982;30;95;0,1425;NA;0,1425;30;380;0;1100;9;SK-30A;1;0;0;0;0;1,2;NA;1,2
525;SK-31;SK;31;0;NA;1;1982;NA;NA;NA;0,48;0,48;21;290;0;300;11;SK-31;1;0;0;0;0;1,3;NA;1,3
526;SK-32;SK;32;0;NA;1;1982;NA;NA;NA;2,1;2,1;12;190;0;600;7;SK-32;1;0;0;0;0;2,1;NA;2,1
527;SK-33;SK;33;0;NA;1;1982;NA;NA;NA;0,91;0,91;8;170;0;600;12;SK-33;1;0;0;0;0;35,1;NA;35,1
528;SK-34;SK;34;0;NA;1;1982;NA;NA;NA;0,44;0,44;9;200;0;1000;3;SK-34;1;0;0;0;0;5,3;NA;5,3
529;SK-35;SK;35;0;NA;1;1982;NA;NA;NA;0,91;0,91;8;400;0;1200;5;SK-35;1;0;0;0;0;5,2;NA;5,2
530;SK-36;SK;36;0;NA;1;1982;NA;NA;NA;17,4;17,4;40;600;0;1000;1;SK-36;1;0;0;0;0;104,2;NA;104,2
531;SK-37;SK;37;0;NA;1;1982;NA;NA;NA;1,25;1,25;20;400;0;750;1;SK-37;1;0;0;0;0;12,9;NA;12,9
532;SK-38;SK;38;0;NA;1;1982;NA;NA;NA;0,4;0,4;20;160;0;500;1;SK-38;1;0;0;0;0;14,7;NA;14,7
533;SK-39;SK;39;0;NA;1;1982;NA;NA;NA;1,62;1,62;29;100;0;500;4;SK-39;1;0;0;0;0;11,2;NA;11,2
495;SK-4;SK;4;0;NA;1;1982;NA;NA;NA;0,54;0,54;10;250;0;180;7;SK-4;1;0;0;0;0;7,2;NA;7,2
534;SK-40;SK;40;0;NA;1;1982;116;100;0,58;0,58;0,58;15;200;0;600;1;SK-40;1;0;0;0;0;15,1;NA;15,1
537;SK-42;SK;42;0;NA;1;1982;NA;NA;NA;1,22;1,22;20;90;0;140;6;SK-42;1;0;0;0;0;12,5;NA;12,5
536;SK-41;SK;41;0;NA;1;1982;155;100;0,775;0,81;0,7925;15;190;0;40;7;SK-43;0;0;0;0;1;8,4;NA;8,4
538;SK-43;SK;43;0;NA;1;1982;NA;NA;NA;0,37;0,37;18;130;0;300;5;SK-43;1;0;0;0;0;2,9;NA;2,9
539;SK-44;SK;44;0;NA;1;1982;NA;NA;NA;0,46;0,46;19;100;0;100;7;SK-44;1;0;0;0;0;8,4;NA;8,4
540;SK-45;SK;45;0;NA;1;1982;NA;NA;NA;3,22;3,22;15;100;0;150;5;SK-45;0;0;0;0;1;8,5;NA;8,5
541;SK-46;SK;46;0;NA;1;1982;NA;NA;NA;0,49;0,49;8;120;0;500;3;SK-46;1;0;0;0;0;6,2;NA;6,2
542;SK-47;SK;47;0;NA;1;1982;NA;NA;NA;1,59;1,59;13;100;0;450;3;SK-46;0;0;0;0;1;25,3;NA;25,3
543;SK-48;SK;48;0;NA;1;1982;NA;NA;NA;0,35;0,35;8;50;0;200;5;SK-48;1;0;0;0;0;5;NA;5
544;SK-49;SK;49;0;NA;1;1982;NA;NA;NA;0,17;0,17;16;100;0;200;10;SK-49;1;0;0;0;0;14,1;NA;14,1
496;SK-5;SK;5;0;NA;1;1982;65;58;0,1885;0,2;0,19425;16;200;0;650;2,7;SK-5;1;0;0;0;0;1,2;NA;1,2
545;SK-50;SK;50;0;NA;1;1982;NA;NA;NA;0,57;0,57;10;110;0;200;9;SK-50;1;0;0;0;0;7,6;NA;7,6
546;SK-51;SK;51;0;NA;1;1982;NA;NA;NA;4,25;4,25;10;85;0;350;8;SK-51;1;0;0;0;0;7,4;NA;7,4
547;SK-52;SK;52;0;NA;1;1982;NA;NA;NA;0,54;0,54;10;100;0;250;6;SK-52;1;0;0;0;0;2,3;NA;2,3
548;SK-53;SK;53;0;NA;1;1982;NA;NA;NA;0,77;0,77;16;80;0;140;9;SK-53;1;0;0;0;0;3,7;NA;3,7
549;SK-54;SK;54;0;NA;1;1982;NA;NA;NA;0,66;0,66;13;70;0;350;12;SK-54;1;0;0;0;0;2,3;NA;2,3
550;SK-55;SK;55;0;NA;1;1982;NA;NA;NA;0,7;0,7;8;60;0;70;15;SK-55;1;0;0;0;0;1,8;NA;1,8
551;SK-56;SK;56;0;NA;1;1982;NA;NA;NA;0,5;0,5;14;30;0;100;18;SK-56;1;0;0;0;0;1,5;NA;1,5
552;SK-57;SK;57;0;NA;1;1982;NA;NA;NA;0,59;0,59;21;20;0;40;18;SK-57;1;0;0;0;0;1;NA;1
553;SK-58;SK;58;0;NA;1;1982;NA;NA;NA;2,48;2,48;21;70;0;200;17;SK-58;1;0;0;0;0;9,7;NA;9,7
497;SK-6;SK;6;0;NA;1;1982;NA;NA;NA;0,81;0,81;9;150;0;200;7;SK-6;1;0;0;0;0;10,4;NA;10,4
498;SK-7;SK;7;0;NA;1;1982;NA;NA;NA;1,6;1,6;10;150;0;300;4;SK-7;1;0;0;0;0;13,1;NA;13,1
499;SK-8;SK;8;0;NA;1;1982;NA;NA;NA;1,16;1,16;9;350;0;800;2;SK-8;1;0;0;0;0;2,7;NA;2,7
500;SK-9;SK;9;0;NA;1;1982;NA;NA;NA;2,25;2,25;25;355;0;930;2;SK-9;1;0;0;0;0;2,25;NA;2,25
554;SKN-1;SKN;1;0;NA;1;1982;250;48;0,6;0,98;0,79;16;150;0;250;NA;SKN-1;1;0;0;0;0;NA;2,6;2,6
555;SKN-2;SKN;2;0;NA;1;1982;180;128;1,152;NA;1,152;19;50;0;300;NA;SKN-2;1;0;0;0;0;NA;19,5;19,5
556;SKO-1;SKO;1;0;NA;1;1982;NA;NA;NA;0,18;0,18;32;135;0;250;NA;SKO-1;1;0;0;0;0;1,8;NA;1,8
557;SKO-2;SKO;2;0;NA;1;1982;NA;NA;NA;0,81;0,81;19;135;0;300;NA;SKO-2;1;0;0;0;0;2,7;NA;2,7
558;SKO-3;SKO;3;0;NA;1;1982;NA;NA;NA;0,35;0,35;19;90;0;550;NA;SKO-3;1;0;0;0;0;3;NA;3
559;SKO-4;SKO;4;0;NA;1;1982;NA;NA;NA;0,26;0,26;10;80;0;400;NA;SKO-4;1;0;0;0;0;6,7;NA;6,7
560;SKO-5;SKO;5;0;NA;1;1982;NA;NA;NA;0,63;0,63;11;60;0;250;NA;SKO-5;1;0;0;0;0;4,1;NA;4,1
561;SKO-6;SKO;6;0;NA;1;1982;NA;NA;NA;0,18;0,18;10;60;0;200;NA;SKO-6;1;0;0;0;0;1,4;NA;1,4
562;SKO-7;SKO;7;0;NA;1;1982;NA;NA;NA;0,32;0,32;11;70;0;170;NA;SKO-7;1;0;0;0;0;0,5;NA;0,5
563;SKW-1;SKW;1;0;NA;1;1982;NA;NA;NA;2;2;30;130;0;250;NA;SKW-1;1;0;0;0;0;8,1;6;7,05
564;SKW-2;SKW;2;0;NA;1;1982;NA;NA;NA;3,71;3,71;30;95;0;500;NA;SKW-2;1;0;0;0;0;34,1;NA;34,1
565;SKW-3;SKW;3;0;NA;1;1982;NA;NA;NA;0,64;0,64;10;130;0;500;NA;SKW-3;1;0;0;0;0;NA;1,8;1,8
