name;island;pool;core;latitude_TZ;longitude_TZ;latitude_2012;longitude_2012;latitude_mean;latitude_correction;latitude_corr;longitude_mean;longotide_correction;longitude_corr
F-1;F;1;1;59,8295996;23,2459211;59,83;23,25;59,8295898;0,00000;59,8295898;23,2459356;0,00000;23,2459356
F-2;F;2;1;59,8296449;23,2457596;NA;NA;59,8296449;0,00000;59,8296449;23,2457596;0,00000;23,2457596
F-3;F;3;1;59,8296417;23,2453747;NA;NA;59,8296417;0,00000;59,8296417;23,2453747;0,00000;23,2453747
F-4;F;4;1;59,8295961;23,2454876;NA;NA;59,8295961;0,00000;59,8295961;23,2454876;0,00000;23,2454876
F-5;F;5;1;59,8296863;23,2455162;NA;NA;59,8296863;0,00000;59,8296863;23,2455162;0,00000;23,2455162
F-6;F;6;1;59,8297914;23,245404;NA;NA;59,8297914;0,00000;59,8297914;23,2454040;0,00000;23,2454040
F-7;F;7;1;59,829796;23,2452285;NA;NA;59,8297960;0,00000;59,8297960;23,2452285;0,00000;23,2452285
F-8;F;8;1;59,8300128;23,2465756;NA;NA;59,8300128;0,00000;59,8300128;23,2465756;0,00000;23,2465756
F-9;F;9;1;59,8299074;23,2465024;NA;NA;59,8299074;0,00000;59,8299074;23,2465024;0,00000;23,2465024
F-10;F;10;1;59,829517;23,2481044;NA;NA;59,8295170;0,00000;59,8295170;23,2481044;0,00000;23,2481044
F-11;F;11;1;59,8297096;23,247908;NA;NA;59,8297096;0,00000;59,8297096;23,2479080;0,00000;23,2479080
F-12;F;12;1;59,8297709;23,2472583;NA;NA;59,8297709;0,00000;59,8297709;23,2472583;0,00000;23,2472583
FO-1;FO;1;1;59,8294818;23,2498133;NA;NA;59,8294818;-0,00002;59,8294618;23,2498133;0,00000;23,2498133
FO-2;FO;2;1;59,8294842;23,2498738;NA;NA;59,8294842;-0,00002;59,8294642;23,2498738;0,00000;23,2498738
FO-3;FO;3;1;59,8294947;23,2498833;NA;NA;59,8294947;0,00000;59,8294947;23,2498833;0,00000;23,2498833
FO-4;FO;4;1;59,8293166;23,2502318;NA;NA;59,8293166;0,00000;59,8293166;23,2502318;0,00000;23,2502318
FO-5;FO;5;1;59,8293251;23,250291;NA;NA;59,8293251;0,00000;59,8293251;23,2502910;0,00000;23,2502910
FO-6;FO;6;1;59,8293527;23,2502669;NA;NA;59,8293527;0,00000;59,8293527;23,2502669;0,00000;23,2502669
FO-7;FO;7;1;59,8292782;23,2503224;NA;NA;59,8292782;0,00000;59,8292782;23,2503224;0,00000;23,2503224
FO-8;FO;8;1;59,8292603;23,2503837;NA;NA;59,8292603;0,00000;59,8292603;23,2503837;0,00000;23,2503837
FO-9;FO;9;1;59,829294;23,250503;NA;NA;59,8292940;0,00000;59,8292940;23,2505030;0,00000;23,2505030
FO-10;FO;10;1;59,8292011;23,2507105;NA;NA;59,8292011;0,00000;59,8292011;23,2507105;0,00000;23,2507105
FO-11;FO;11;1;59,829159;23,2507804;NA;NA;59,8291590;0,00000;59,8291590;23,2507804;0,00000;23,2507804
FO-12;FO;12;1;59,8291826;23,2508056;NA;NA;59,8291826;0,00000;59,8291826;23,2508056;0,00000;23,2508056
FO-13;FO;13;1;59,8291909;23,2509977;NA;NA;59,8291909;0,00000;59,8291909;23,2509977;0,00000;23,2509977
FO-14;FO;14;1;59,8291834;23,2502083;NA;NA;59,8291834;0,00000;59,8291834;23,2502083;0,00000;23,2502083
FO-15;FO;15;1;59,82911;23,2501075;NA;NA;59,8291100;0,00000;59,8291100;23,2501075;0,00000;23,2501075
FO-16;FO;16;1;59,8290973;23,2500551;NA;NA;59,8290973;0,00000;59,8290973;23,2500551;0,00000;23,2500551
FO-17;FO;17;1;59,8290934;23,2499844;NA;NA;59,8290934;0,00000;59,8290934;23,2499844;0,00000;23,2499844
FO-18;FO;18;1;59,8290836;23,2498803;NA;NA;59,8290836;0,00000;59,8290836;23,2498803;0,00000;23,2498803
FO-19;FO;19;1;59,8290732;23,2499276;NA;NA;59,8290732;0,00000;59,8290732;23,2499276;0,00000;23,2499276
FO-19A;FO;19A;1;NA;NA;59,83;23,25;59,82906;0,00000;59,8290600;23,24992;0,00000;23,2499200
FO-20;FO;20;1;59,8290569;23,2498353;NA;NA;59,8290569;0,00000;59,8290569;23,2498353;0,00000;23,2498353
FO-21;FO;21;1;59,8292302;23,2495224;59,83;23,25;59,8292301;0,00000;59,8292301;23,2495312;0,00000;23,2495312
FO-22;FO;22;1;59,8291638;23,2495143;59,83;23,25;59,8291669;0,00000;59,8291669;23,2495222;0,00004;23,2495622
FO-18A;FO;18A;1;NA;NA;59,83;23,25;59,8291300;0,00000;59,8291300;23,2498350;0,00000;23,2498350
FO-21A;FO;21A;1;NA;NA;59,83;23,25;59,8292400;0,00000;59,8292400;23,2495600;0,00000;23,2495600
FS-1;FS;1;1;59,8287603;23,2485082;NA;NA;59,8287603;0,00000;59,8287603;23,2485082;0,00000;23,2485082
FS-2;FS;2;1;59,8287886;23,2484703;NA;NA;59,8287886;0,00000;59,8287886;23,2484703;0,00000;23,2484703
FS-3;FS;3;1;59,8287898;23,248425;NA;NA;59,8287898;0,00000;59,8287898;23,2484250;0,00000;23,2484250
FS-4;FS;4;1;59,8287933;23,2480835;NA;NA;59,8287933;0,00000;59,8287933;23,2480835;0,00000;23,2480835
FS-5;FS;5;1;59,8287655;23,2480004;NA;NA;59,8287655;0,00000;59,8287655;23,2480004;0,00000;23,2480004
FS-6;FS;6;1;59,8287627;23,2479323;NA;NA;59,8287627;0,00000;59,8287627;23,2479323;0,00000;23,2479323
FS-6A;FS;6A;1;NA;NA;59,83;23,25;59,8287627;0,00000;59,8287627;23,2478500;0,00000;23,2478500
FS-7;FS;7;1;59,8285251;23,2482369;NA;NA;59,8285251;0,00000;59,8285251;23,2482369;0,00000;23,2482369
FS-8;FS;8;1;59,8285141;23,2483252;NA;NA;59,8285141;0,00000;59,8285141;23,2483252;0,00000;23,2483252
FS-9;FS;9;1;59,8285106;23,248362;NA;NA;59,8285106;0,00000;59,8285106;23,2483620;0,00000;23,2483620
FS-10;FS;10;1;59,8285184;23,2484972;NA;NA;59,8285184;0,00000;59,8285184;23,2484972;0,00000;23,2484972
FS-11;FS;11;1;59,8285294;23,2485671;NA;NA;59,8285294;0,00000;59,8285294;23,2485671;0,00000;23,2485671
FS-12;FS;12;1;59,8285075;23,248605;NA;NA;59,8285075;0,00000;59,8285075;23,2486050;0,00000;23,2486050
FS-13;FS;13;1;59,8285017;23,2486189;NA;NA;59,8285017;0,00000;59,8285017;23,2486189;0,00005;23,2486689
FS-14;FS;14;1;59,8284883;23,2486692;NA;NA;59,8284883;0,00000;59,8284883;23,2486692;0,00005;23,2487192
FS-15;FS;15;1;59,8284405;23,2487425;NA;NA;59,8284405;0,00000;59,8284405;23,2487425;0,00005;23,2487925
FS-16;FS;16;1;59,8285892;23,2486446;NA;NA;59,8285892;0,00000;59,8285892;23,2486446;0,00000;23,2486446
FS-17;FS;17;1;59,8286318;23,248597;NA;NA;59,8286318;0,00000;59,8286318;23,2485970;0,00000;23,2485970
FS-18;FS;18;1;59,828719;23,2486678;NA;NA;59,8287190;0,00000;59,8287190;23,2486678;0,00000;23,2486678
FS-19;FS;19;1;59,828705;23,248705;NA;NA;59,8287050;0,00000;59,8287050;23,2487050;0,00000;23,2487050
FS-20;FS;20;1;59,8286878;23,2487385;NA;NA;59,8286878;0,00000;59,8286878;23,2487385;0,00000;23,2487385
FS-21;FS;21;1;59,8286629;23,2488055;NA;NA;59,8286629;0,00000;59,8286629;23,2488055;0,00000;23,2488055
FS-22;FS;22;1;59,8286464;23,2487686;NA;NA;59,8286464;0,00000;59,8286464;23,2487686;0,00000;23,2487686
FS-23;FS;23;1;59,8286194;23,2487278;NA;NA;59,8286194;0,00000;59,8286194;23,2487278;0,00000;23,2487278
FS-24;FS;24;1;59,8285828;23,2487446;NA;NA;59,8285828;0,00000;59,8285828;23,2487446;0,00000;23,2487446
FS-25;FS;25;1;59,8286502;23,2489417;NA;NA;59,8286502;0,00000;59,8286502;23,2489417;0,00000;23,2489417
FS-26;FS;26;1;59,8287058;23,2488928;NA;NA;59,8287058;0,00000;59,8287058;23,2488928;0,00000;23,2488928
FS-27;FS;27;1;59,8286904;23,2489356;NA;NA;59,8286904;0,00000;59,8286904;23,2489356;0,00000;23,2489356
FS-28;FS;28;1;59,8287264;23,2488607;NA;NA;59,8287264;0,00000;59,8287264;23,2488607;0,00000;23,2488607
FS-29;FS;29;1;59,8287388;23,2489805;NA;NA;59,8287388;0,00000;59,8287388;23,2489805;0,00000;23,2489805
FS-30;FS;30;1;59,8287506;23,2489329;NA;NA;59,8287506;0,00000;59,8287506;23,2489329;0,00000;23,2489329
FS-31;FS;31;1;59,8287521;23,2488572;NA;NA;59,8287521;0,00000;59,8287521;23,2488572;0,00000;23,2488572
FS-32;FS;32;1;59,8286919;23,2490303;NA;NA;59,8286919;0,00000;59,8286919;23,2490303;0,00000;23,2490303
FS-33;FS;33;1;59,8286925;23,2490629;NA;NA;59,8286925;-0,00002;59,8286725;23,2490629;0,00000;23,2490629
FSS-1;FSS;1;1;59,8282602;23,247969;59,83;23,25;59,8282651;0,00000;59,8282651;23,2479395;0,00000;23,2479395
FSS-2;FSS;2;1;59,828245;23,2480187;59,83;23,25;59,8282525;0,00000;59,8282525;23,2480294;0,00000;23,2480294
FSS-3;FSS;3;1;59,8282694;23,2478728;59,83;23,25;59,8282797;0,00000;59,8282797;23,2478664;0,00000;23,2478664
FSS-4;FSS;4;1;59,8282183;23,2480531;59,83;23,25;59,8282192;0,00000;59,8282192;23,2480616;0,00000;23,2480616
FSS-5;FSS;5;1;NA;NA;59,83;23,25;59,8282000;0,00000;59,8282000;23,2480700;0,00000;23,2480700
FSS-6;FSS;6;1;59,8282988;23,2479233;59,83;23,25;59,8283069;0,00000;59,8283069;23,2479117;0,00000;23,2479117
FSS-7;FSS;7;1;59,8282957;23,24796;59,83;23,25;59,8282979;0,00000;59,8282979;23,2479650;-0,00002;23,2479450
FSS-8;FSS;8;1;59,8283009;23,2479744;59,83;23,25;59,8283105;0,00000;59,8283105;23,2479772;0,00000;23,2479772
FSS-9;FSS;9;1;59,828332;23,2479275;59,83;23,25;59,8283410;0,00000;59,8283410;23,2479038;0,00000;23,2479038
FSS-10;FSS;10;1;59,8283427;23,2477831;59,83;23,25;59,8283464;0,00000;59,8283464;23,2477716;0,00000;23,2477716
FSS-11;FSS;11;1;59,8282553;23,2477711;59,83;23,25;59,8282502;0,00000;59,8282502;23,2477406;0,00000;23,2477406
FSS-12;FSS;12;1;59,8283057;23,2475204;59,83;23,25;59,8283129;0,00000;59,8283129;23,2475077;0,00000;23,2475077
FSS-13;FSS;13;1;59,8282738;23,2474799;59,83;23,25;59,8282669;0,00000;59,8282669;23,2474900;0,00000;23,2474900
FSS-14;FSS;14;1;59,8282637;23,2475191;59,83;23,25;59,8282619;0,00000;59,8282619;23,2475296;0,00000;23,2475296
FSS-15;FSS;15;1;59,8283505;23,2473597;59,83;23,25;59,8283503;0,00000;59,8283503;23,2473449;0,00000;23,2473449
FSS-16;FSS;16;1;59,8283423;23,2472215;59,83;23,25;59,8283362;0,00000;59,8283362;23,2472008;0,00000;23,2472008
FSS-17;FSS;17;1;59,8283546;23,2471665;59,83;23,25;59,8283523;0,00000;59,8283523;23,2471583;0,00000;23,2471583
FSS-18;FSS;18;1;59,8283692;23,2471318;59,83;23,25;59,8283696;0,00000;59,8283696;23,2471159;0,00000;23,2471159
FW-1;FW;1;1;59,8285863;23,2456247;NA;NA;59,8285863;0,00000;59,8285863;23,2456247;0,00000;23,2456247
G-1;G;1;1;59,8155839;23,245283;59,82;23,25;59,8155970;0,00000;59,8155970;23,2453065;0,00000;23,2453065
G-2;G;2;1;59,8155795;23,2453276;59,82;23,25;59,8155798;0,00000;59,8155798;23,2453638;0,00000;23,2453638
G-3;G;3;1;59,8155299;23,2453579;59,82;23,25;59,8155250;0,00000;59,8155250;23,2453840;0,00000;23,2453840
G-4;G;4;1;59,8155196;23,2453983;59,82;23,25;59,8155248;-0,00001;59,8155198;23,2454092;0,00002;23,2454292
G-5;G;5;1;59,8154261;23,2453363;59,82;23,25;59,8154131;0,00000;59,8154131;23,2453432;0,00000;23,2453432
G-6;G;6;1;59,8154355;23,2454319;59,82;23,25;59,8154328;0,00000;59,8154328;23,2454410;0,00000;23,2454410
G-7;G;7;1;59,8154669;23,24534;59,82;23,25;59,8154685;0,00000;59,8154685;23,2453350;0,00000;23,2453350
G-8;G;8;1;59,8154868;23,2453093;59,82;23,25;59,8154884;0,00000;59,8154884;23,2453097;0,00000;23,2453097
G-9;G;9;1;59,815459;23,2452201;59,82;23,25;59,8154595;0,00000;59,8154595;23,2452451;0,00000;23,2452451
G-10;G;10;1;59,8154634;23,2452876;59,82;23,25;59,8154517;0,00000;59,8154517;23,2452988;0,00000;23,2452988
G-11;G;11;1;59,8154864;23,2451873;59,82;23,25;59,8154932;0,00000;59,8154932;23,2452037;0,00000;23,2452037
G-12;G;12;1;59,8154247;23,2452091;59,82;23,25;59,8154274;0,00000;59,8154274;23,2452246;0,00000;23,2452246
G-13;G;13;1;59,8153687;23,2452364;59,82;23,25;59,8153744;0,00000;59,8153744;23,2452682;0,00000;23,2452682
G-14;G;14;1;59,8153622;23,2454185;59,82;23,25;59,8153661;0,00000;59,8153661;23,2454493;0,00000;23,2454493
G-15;G;15;1;59,8153426;23,2453879;NA;NA;59,8153426;0,00000;59,8153426;23,2453879;0,00000;23,2453879
G-16;G;16;1;59,8153281;23,2454696;NA;NA;59,8153281;0,00000;59,8153281;23,2454696;0,00000;23,2454696
G-17;G;17;1;59,8153385;23,2453478;NA;NA;59,8153385;0,00000;59,8153385;23,2453478;0,00000;23,2453478
G-18;G;18;1;59,815305;23,2453189;NA;NA;59,8153050;0,00000;59,8153050;23,2453189;0,00000;23,2453189
G-19;G;19;1;59,815315;23,2451921;NA;NA;59,8153150;0,00000;59,8153150;23,2451921;0,00000;23,2451921
G-20;G;20;1;59,8152796;23,2455011;NA;NA;59,8152796;0,00000;59,8152796;23,2455011;0,00000;23,2455011
G-21;G;21;1;59,8152637;23,2455407;NA;NA;59,8152637;0,00000;59,8152637;23,2455407;0,00000;23,2455407
G-22;G;22;1;59,8152107;23,2455072;NA;NA;59,8152107;0,00000;59,8152107;23,2455072;0,00000;23,2455072
G-23;G;23;1;59,8152485;23,2454394;NA;NA;59,8152485;0,00000;59,8152485;23,2454394;0,00000;23,2454394
G-24;G;24;1;59,8152304;23,2453934;NA;NA;59,8152304;0,00000;59,8152304;23,2453934;0,00000;23,2453934
G-25;G;25;1;59,8152107;23,2453761;NA;NA;59,8152107;0,00000;59,8152107;23,2453761;0,00000;23,2453761
G-26;G;26;1;59,8152313;23,2453223;NA;NA;59,8152313;0,00000;59,8152313;23,2453223;0,00000;23,2453223
G-27;G;27;1;59,8152128;23,2452727;NA;NA;59,8152128;0,00000;59,8152128;23,2452727;0,00000;23,2452727
G-28;G;28;1;59,8151584;23,2453806;NA;NA;59,8151584;0,00000;59,8151584;23,2453806;0,00000;23,2453806
G-29;G;29;1;59,8151344;23,2454202;59,82;23,25;59,8151472;0,00000;59,8151472;23,2454451;0,00000;23,2454451
G-30;G;30;1;59,8151365;23,2456793;59,82;23,25;59,8151383;0,00000;59,8151383;23,2456722;0,00000;23,2456722
G-31;G;31;1;59,8151011;23,2456173;NA;NA;59,8151011;0,00000;59,8151011;23,2456173;0,00000;23,2456173
G-32;G;32;1;59,8150937;23,2455984;NA;NA;59,8150937;0,00000;59,8150937;23,2455984;0,00000;23,2455984
G-33;G;33;1;59,8150888;23,245504;NA;NA;59,8150888;0,00000;59,8150888;23,2455040;0,00000;23,2455040
G-34;G;34;1;59,815061;23,2455167;NA;NA;59,8150610;0,00000;59,8150610;23,2455167;0,00000;23,2455167
G-35;G;35;1;59,8150476;23,2456923;NA;NA;59,8150476;0,00000;59,8150476;23,2456923;0,00000;23,2456923
G-36;G;36;1;59,8149474;23,2457689;59,81;23,25;59,8149537;0,00000;59,8149537;23,2457695;0,00000;23,2457695
G-37;G;37;1;59,8149531;23,2456075;59,81;23,25;59,8149566;0,00000;59,8149566;23,2456338;0,00000;23,2456338
G-38;G;38;1;59,8149347;23,2454338;59,81;23,25;59,8149224;0,00000;59,8149224;23,2454169;0,00000;23,2454169
G-39;G;39;1;59,8148927;23,245526;NA;NA;59,8148927;0,00000;59,8148927;23,2455260;0,00000;23,2455260
G-40;G;40;1;59,8148471;23,2460548;NA;NA;59,8148471;0,00000;59,8148471;23,2460548;0,00000;23,2460548
G-41;G;41;1;59,8147762;23,2462361;NA;NA;59,8147762;0,00000;59,8147762;23,2462361;0,00000;23,2462361
G-42;G;42;1;59,8147658;23,2458286;NA;NA;59,8147658;0,00000;59,8147658;23,2458286;0,00000;23,2458286
G-43;G;43;1;59,8147001;23,2460635;NA;NA;59,8147001;0,00000;59,8147001;23,2460635;0,00000;23,2460635
G-44;G;44;1;59,8146565;23,2460936;NA;NA;59,8146565;0,00000;59,8146565;23,2460936;0,00000;23,2460936
G-45;G;45;1;59,8146511;23,2461158;NA;NA;59,8146511;0,00000;59,8146511;23,2461158;0,00000;23,2461158
G-46;G;46;1;59,8146254;23,2461528;NA;NA;59,8146254;0,00000;59,8146254;23,2461528;0,00000;23,2461528
G-47;G;47;1;59,8146987;23,2462704;NA;NA;59,8146987;0,00000;59,8146987;23,2462704;0,00000;23,2462704
G-48;G;48;1;59,8146591;23,2463007;NA;NA;59,8146591;0,00000;59,8146591;23,2463007;0,00000;23,2463007
G-49;G;49;1;59,8146306;23,2463395;59,81;23,25;59,8146453;0,00000;59,8146453;23,2463398;0,00000;23,2463398
G-50;G;50;1;59,8147221;23,2464128;59,81;23,25;59,8147111;0,00000;59,8147111;23,2464414;0,00000;23,2464414
G-51;G;51;1;59,8145309;23,2463976;59,81;23,25;59,8145355;0,00000;59,8145355;23,2464588;0,00000;23,2464588
G-52;G;52;1;59,8145285;23,2464861;NA;NA;59,8145285;0,00000;59,8145285;23,2464861;0,00000;23,2464861
G-53;G;53;1;59,8145447;23,2466029;NA;NA;59,8145447;0,00000;59,8145447;23,2466029;0,00000;23,2466029
G-54;G;54;1;59,8147498;23,2464534;NA;NA;59,8147498;0,00000;59,8147498;23,2464534;0,00000;23,2464534
G-55;G;55;1;59,8147391;23,2464982;NA;NA;59,8147391;0,00000;59,8147391;23,2464982;0,00000;23,2464982
G-56;G;56;1;59,8147868;23,2465241;NA;NA;59,8147868;0,00000;59,8147868;23,2465241;0,00000;23,2465241
G-57;G;57;1;59,8149477;23,2463487;NA;NA;59,8149477;0,00000;59,8149477;23,2463487;0,00000;23,2463487
G-58;G;58;1;59,8148564;23,2465973;NA;NA;59,8148564;0,00000;59,8148564;23,2465973;0,00000;23,2465973
G-59;G;59;1;59,8149898;23,24648;NA;NA;59,8149898;0,00000;59,8149898;23,2464800;0,00000;23,2464800
G-60;G;60;1;59,8147736;23,2466901;59,81;23,25;59,8147568;0,00000;59,8147568;23,2467051;0,00000;23,2467051
G-61;G;61;1;59,8146865;23,2466816;59,81;23,25;59,8146783;0,00000;59,8146783;23,2466808;0,00000;23,2466808
G-62;G;62;1;59,81463;23,2468485;59,81;23,25;59,8146175;0,00000;59,8146175;23,2468543;0,00000;23,2468543
G-63;G;63;1;59,8146401;23,2469054;59,81;23,25;59,8146401;0,00000;59,8146401;23,2469227;0,00000;23,2469227
G-64;G;64;1;59,8146482;23,2469855;NA;NA;59,8146482;0,00000;59,8146482;23,2469855;0,00000;23,2469855
G-65;G;65;1;59,8146133;23,2470401;NA;NA;59,8146133;0,00000;59,8146133;23,2470401;0,00000;23,2470401
G-66;G;66;1;59,8146457;23,2471068;NA;NA;59,8146457;0,00000;59,8146457;23,2471068;0,00000;23,2471068
G-67;G;67;1;59,8146223;23,2471472;NA;NA;59,8146223;0,00000;59,8146223;23,2471472;0,00000;23,2471472
G-68;G;68;1;59,8147086;23,2470767;NA;NA;59,8147086;0,00000;59,8147086;23,2470767;0,00000;23,2470767
G-69;G;69;1;59,8147058;23,2471329;NA;NA;59,8147058;0,00000;59,8147058;23,2471329;0,00000;23,2471329
G-70;G;70;1;59,8146578;23,2471334;NA;NA;59,8146578;0,00000;59,8146578;23,2471334;0,00000;23,2471334
G-71;G;71;1;59,8146671;23,2471982;NA;NA;59,8146671;0,00000;59,8146671;23,2471982;0,00000;23,2471982
G-72;G;72;1;59,8146497;23,2472244;NA;NA;59,8146497;0,00000;59,8146497;23,2472244;0,00000;23,2472244
G-73;G;73;1;59,8146911;23,2472934;NA;NA;59,8146911;0,00000;59,8146911;23,2472934;0,00000;23,2472934
G-74;G;74;1;59,8146512;23,247351;NA;NA;59,8146512;0,00000;59,8146512;23,2473510;0,00000;23,2473510
G-75;G;75;1;59,8146356;23,2474357;NA;NA;59,8146356;0,00000;59,8146356;23,2474357;0,00000;23,2474357
G-76;G;76;1;59,8147006;23,2474104;NA;NA;59,8147006;0,00000;59,8147006;23,2474104;0,00000;23,2474104
G-77;G;77;1;59,8147019;23,2475843;NA;NA;59,8147019;0,00000;59,8147019;23,2475843;0,00000;23,2475843
G-78;G;78;1;59,8147244;23,2475576;NA;NA;59,8147244;0,00000;59,8147244;23,2475576;0,00000;23,2475576
G-79;G;79;1;59,8147453;23,2476111;NA;NA;59,8147453;0,00000;59,8147453;23,2476111;0,00000;23,2476111
G-80;G;80;1;59,814588;23,247649;59,81;23,25;59,8145940;0,00000;59,8145940;23,2476745;0,00000;23,2476745
G-81;G;81;1;59,8146622;23,2476749;59,81;23,25;59,8146761;0,00000;59,8146761;23,2476875;0,00000;23,2476875
G-82;G;82;1;59,8146575;23,2476974;59,81;23,25;59,8146638;0,00000;59,8146638;23,2477037;0,00000;23,2477037
G-83;G;83;1;NA;NA;59,81;23,25;59,81459;0,00000;59,8145900;23,24778;0,00000;23,2477800
G-84;G;84;1;59,8146699;23,2477917;59,81;23,25;59,8146850;0,00000;59,8146850;23,2478109;0,00000;23,2478109
G-85;G;85;1;59,814669;23,2478839;59,81;23,25;59,8146820;-0,00004;59,8146420;23,2479395;0,00000;23,2479395
G-86;G;86;1;59,8146966;23,2478276;NA;NA;59,8146966;0,00000;59,8146966;23,2478276;0,00000;23,2478276
G-87;G;87;1;59,8146811;23,2478496;NA;NA;59,8146811;0,00000;59,8146811;23,2478496;0,00005;23,2478996
G-88;G;88;1;59,8147167;23,24796;NA;NA;59,8147167;0,00000;59,8147167;23,2479600;0,00000;23,2479600
G-89;G;89;1;59,8147945;23,2476114;NA;NA;59,8147945;0,00000;59,8147945;23,2476114;0,00000;23,2476114
G-90;G;90;1;59,8148591;23,2477234;NA;NA;59,8148591;0,00000;59,8148591;23,2477234;0,00000;23,2477234
G-91;G;91;1;59,8148989;23,2477232;NA;NA;59,8148989;0,00000;59,8148989;23,2477232;0,00000;23,2477232
G-92;G;92;1;59,8148886;23,2478611;NA;NA;59,8148886;0,00000;59,8148886;23,2478611;0,00000;23,2478611
G-93;G;93;1;59,8150279;23,2480671;NA;NA;59,8150279;0,00000;59,8150279;23,2480671;0,00000;23,2480671
G-94;G;94;1;59,8149926;23,2481191;NA;NA;59,8149926;0,00000;59,8149926;23,2481191;0,00000;23,2481191
G-95;G;95;1;59,8149724;23,2481769;NA;NA;59,8149724;0,00000;59,8149724;23,2481769;0,00000;23,2481769
G-96;G;96;1;59,8149585;23,2480876;NA;NA;59,8149585;0,00000;59,8149585;23,2480876;0,00000;23,2480876
G-97;G;97;1;59,8149393;23,2481742;NA;NA;59,8149393;0,00000;59,8149393;23,2481742;0,00000;23,2481742
G-98;G;98;1;59,8149046;23,2482714;NA;NA;59,8149046;0,00000;59,8149046;23,2482714;0,00000;23,2482714
G-99;G;99;1;59,8149034;23,2482028;NA;NA;59,8149034;0,00000;59,8149034;23,2482028;0,00000;23,2482028
G-100;G;100;1;59,8148733;23,2483379;NA;NA;59,8148733;0,00000;59,8148733;23,2483379;0,00000;23,2483379
G-101;G;101;1;59,8148131;23,2483052;NA;NA;59,8148131;0,00000;59,8148131;23,2483052;0,00000;23,2483052
G-102;G;102;1;59,8149671;23,2482605;NA;NA;59,8149671;0,00000;59,8149671;23,2482605;0,00000;23,2482605
G-103;G;103;1;59,814994;23,2483864;NA;NA;59,8149940;0,00000;59,8149940;23,2483864;0,00000;23,2483864
G-104;G;104;1;59,8148946;23,2484465;NA;NA;59,8148946;0,00000;59,8148946;23,2484465;0,00000;23,2484465
G-105;G;105;1;59,8152667;23,2480813;NA;NA;59,8152667;0,00000;59,8152667;23,2480813;0,00000;23,2480813
G-106;G;106;1;59,8152972;23,2481226;NA;NA;59,8152972;0,00000;59,8152972;23,2481226;0,00000;23,2481226
G-107;G;107;1;59,8152881;23,248177;NA;NA;59,8152881;0,00000;59,8152881;23,2481770;0,00000;23,2481770
G-108;G;108;1;59,8152954;23,2479969;NA;NA;59,8152954;0,00000;59,8152954;23,2479969;0,00000;23,2479969
G-109;G;109;1;59,815376;23,2479785;NA;NA;59,8153760;0,00000;59,8153760;23,2479785;0,00000;23,2479785
G-110;G;110;1;59,8154035;23,248013;NA;NA;59,8154035;0,00000;59,8154035;23,2480130;0,00000;23,2480130
G-111;G;111;1;59,8158687;23,2466415;59,82;23,25;59,8158719;0,00000;59,8158719;23,2466433;0,00000;23,2466433
G-112;G;112;1;59,8158557;23,246588;59,82;23,25;59,8158579;0,00000;59,8158579;23,2465990;0,00000;23,2465990
G-113;G;113;1;59,8158327;23,2466072;59,82;23,25;59,8158364;0,00000;59,8158364;23,2466186;0,00000;23,2466186
G-114;G;114;1;59,8158422;23,2466382;59,82;23,25;59,8158461;0,00000;59,8158461;23,2466441;0,00000;23,2466441
G-115;G;115;1;59,815692;23,246371;59,82;23,25;59,8156810;0,00000;59,8156810;23,2463705;0,00000;23,2463705
G-116;G;116;1;59,8155542;23,2460682;59,82;23,25;59,8155796;0,00000;59,8155796;23,2460841;0,00000;23,2460841
G-117;G;117;1;59,815547;23,2460673;59,82;23,25;59,8155535;0,00000;59,8155535;23,2460887;0,00000;23,2460887
G-118;G;118;1;59,8155411;23,2460712;59,82;23,25;59,8155306;0,00000;59,8155306;23,2460856;0,00000;23,2460856
G-119;G;119;1;59,8155407;23,2460315;59,82;23,25;59,8155354;0,00000;59,8155354;23,2460408;0,00000;23,2460408
G-120;G;120;1;59,8155466;23,2460106;59,82;23,25;59,8155433;0,00000;59,8155433;23,2460203;0,00000;23,2460203
G-121;G;121;1;59,8155267;23,2460134;59,82;23,25;59,8155234;0,00000;59,8155234;23,2460117;0,00000;23,2460117
G-122;G;122;1;59,8155054;23,2460592;59,82;23,25;59,8154977;0,00000;59,8154977;23,2460696;0,00000;23,2460696
G-123;G;123;1;59,8154892;23,2460191;59,82;23,25;59,8154846;0,00000;59,8154846;23,2460246;0,00000;23,2460246
G-124;G;124;1;59,815592;23,245927;59,82;23,25;59,8155810;0,00000;59,8155810;23,2459335;0,00000;23,2459335
G-125;G;125;1;59,815483;23,245928;59,82;23,25;59,8154740;0,00000;59,8154740;23,2459415;0,00000;23,2459415
G-126;G;126;1;59,8155;23,245877;59,82;23,25;59,8154900;0,00000;59,8154900;23,2458835;0,00000;23,2458835
G-127;G;127;1;59,815507;23,245854;59,82;23,25;59,8154935;0,00000;59,8154935;23,2458545;0,00000;23,2458545
G-111A;G;111A;1;NA;NA;59,82;23,25;59,8159100;0,00000;59,8159100;23,2468100;0,00000;23,2468100
G-122A;G;122A;1;NA;NA;59,82;23,25;59,8154700;0,00000;59,8154700;23,2461000;0,00000;23,2461000
G-12A;G;12A;1;NA;NA;59,82;23,25;59,8154300;0,00000;59,8154300;23,2451700;0,00000;23,2451700
G-29A;G;29A;1;59,8151296;23,2455073;59,82;23,25;59,8151298;0,00000;59,8151298;23,2455287;0,00000;23,2455287
G-37A;G;37A;1;NA;NA;59,81;23,25;59,8149300;0,00000;59,8149300;23,2456000;0,00000;23,2456000
G-37B;G;37B;1;NA;NA;59,81;23,25;59,8149800;0,00000;59,8149800;23,2455800;0,00000;23,2455800
G-3A;G;3A;1;NA;NA;59,82;23,25;59,8155500;0,00000;59,8155500;23,2453400;0,00000;23,2453400
G-50A;G;50A;1;NA;NA;59,81;23,25;59,8146900;0,00000;59,8146900;23,2463800;0,00000;23,2463800
G-5A;G;5A;1;NA;NA;59,82;23,25;59,8154600;0,00000;59,8154600;23,2454200;0,00000;23,2454200
G-61A;G;61A;1;NA;NA;59,81;23,25;59,8147100;0,00000;59,8147100;23,2467600;0,00000;23,2467600
K-1;K;1;1;59,82390001;23,25281812;59,82;23,25;59,8238925;0,00000;59,8238925;23,2528191;0,00000;23,2528191
K-2;K;2;1;59,82392365;23,25274914;59,82;23,25;59,8239318;0,00000;59,8239318;23,2527946;0,00000;23,2527946
K-3;K;3;1;59,82393933;23,2526716;59,82;23,25;59,8239447;0,00003;59,8239747;23,2527058;0,00000;23,2527058
K-4;K;4;1;59,82380966;23,252768;59,82;23,25;59,8238273;0,00000;59,8238273;23,2527865;0,00000;23,2527865
K-5;K;5;1;NA;NA;59,82;23,25;59,8239900;0,00002;59,8240100;23,2526700;0,00000;23,2526700
K-6;K;6;1;59,82389742;23,25268284;59,82;23,25;59,8239137;0,00000;59,8239137;23,2526764;0,00000;23,2526764
K-7;K;7;1;59,82384872;23,25266708;59,82;23,25;59,8238669;0,00000;59,8238669;23,2526760;0,00000;23,2526760
K-8;K;8;1;59,82384319;23,25256549;59,82;23,25;59,8238616;0,00000;59,8238616;23,2525677;0,00000;23,2525677
K-9;K;9;1;59,82381913;23,2526592;59,82;23,25;59,8238346;0,00000;59,8238346;23,2526596;0,00000;23,2526596
K-10;K;10;1;59,82377269;23,25259122;59,82;23,25;59,8237863;0,00000;59,8237863;23,2526306;0,00000;23,2526306
K-11;K;11;1;59,8237644;23,25254277;59,82;23,25;59,8237822;0,00000;59,8237822;23,2525414;0,00000;23,2525414
K-12;K;12;1;59,823818;23,252659;59,82;23,25;59,8238240;0,00000;59,8238240;23,2526745;0,00000;23,2526745
K-13;K;13;1;59,8237996;23,25267202;59,82;23,25;59,8238098;0,00000;59,8238098;23,2526910;0,00000;23,2526910
K-14;K;14;1;59,82375375;23,25271796;59,82;23,25;59,8237719;0,00000;59,8237719;23,2527340;0,00000;23,2527340
K-15;K;15;1;59,82384997;23,25272315;59,82;23,25;59,8238700;0,00000;59,8238700;23,2527166;0,00000;23,2527166
K-16;K;16;1;59,82371788;23,25272751;59,82;23,25;59,8237339;0,00000;59,8237339;23,2527388;0,00000;23,2527388
K-17;K;17;1;59,82373129;23,25254747;59,82;23,25;59,8237506;0,00000;59,8237506;23,2525587;0,00000;23,2525587
K-18;K;18;1;59,8236929;23,25256247;59,82;23,25;59,8237115;0,00000;59,8237115;23,2525662;0,00000;23,2525662
LA-1;LA;1;1;59,8274959;23,246248;59,83;23,25;59,8274980;0,00000;59,8274980;23,2462240;0,00000;23,2462240
LA-2;LA;2;1;59,8274524;23,2462625;59,83;23,25;59,8274362;0,00000;59,8274362;23,2462563;0,00000;23,2462563
LA-3;LA;3;1;59,8273867;23,246591;59,83;23,25;59,8273684;0,00000;59,8273684;23,2465805;0,00000;23,2465805
LA-4;LA;4;1;59,827356;23,2464985;59,83;23,25;59,8273580;0,00000;59,8273580;23,2464943;0,00000;23,2464943
LA-5;LA;5;1;59,8273834;23,2466609;59,83;23,25;59,8273867;0,00000;59,8273867;23,2466505;0,00000;23,2466505
LA-6;LA;6;1;59,8273722;23,2466856;59,83;23,25;59,8273561;0,00000;59,8273561;23,2466978;0,00000;23,2466978
LA-7;LA;7;1;59,8273544;23,2467281;59,83;23,25;59,8273472;0,00000;59,8273472;23,2467491;0,00000;23,2467491
LA-8;LA;8;1;NA;NA;59,83;23,25;59,8272100;0,00000;59,8272100;23,2469300;0,00000;23,2469300
LA-9;LA;9;1;59,8269642;23,2471331;59,83;23,25;59,8269521;0,00000;59,8269521;23,2471266;0,00000;23,2471266
LA-10;LA;10;1;59,8269989;23,2473057;59,83;23,25;59,8269895;0,00000;59,8269895;23,2473079;0,00000;23,2473079
LA-11;LA;11;1;59,8270201;23,2474125;59,83;23,25;59,8270101;0,00000;59,8270101;23,2473963;0,00000;23,2473963
LA-12;LA;12;1;59,8270452;23,247498;59,83;23,25;59,8270426;0,00000;59,8270426;23,2475040;0,00000;23,2475040
LA-13;LA;13;1;59,8270352;23,2476441;59,83;23,25;59,8270176;0,00000;59,8270176;23,2476421;0,00000;23,2476421
LA-14;LA;14;1;59,8270216;23,247682;59,83;23,25;59,8270108;0,00000;59,8270108;23,2476860;0,00000;23,2476860
LA-15;LA;15;1;59,8270257;23,2478914;59,83;23,25;59,8270229;0,00000;59,8270229;23,2478857;0,00000;23,2478857
LA-16;LA;16;1;59,8269815;23,2477042;59,83;23,25;59,8269408;0,00000;59,8269408;23,2476821;0,00000;23,2476821
LA-17;LA;17;1;59,8268849;23,2476936;59,83;23,25;59,8268825;0,00000;59,8268825;23,2476518;0,00000;23,2476518
LA-18;LA;18;1;59,8269608;23,2475933;59,83;23,25;59,8269454;0,00000;59,8269454;23,2475617;0,00000;23,2475617
LA-19;LA;19;1;59,826912;23,2474431;59,83;23,25;59,8269060;0,00000;59,8269060;23,2474666;0,00000;23,2474666
LA-20;LA;20;1;59,8269064;23,2474261;59,83;23,25;59,8268982;0,00000;59,8268982;23,2474331;0,00000;23,2474331
LA-21;LA;21;1;59,827057;23,245849;59,83;23,25;59,8270585;0,00000;59,8270585;23,2458595;0,00000;23,2458595
LA-22;LA;22;1;59,8273308;23,2455632;59,83;23,25;59,8273254;0,00000;59,8273254;23,2455666;0,00000;23,2455666
LA-23;LA;23;1;59,8271457;23,2457445;59,83;23,25;59,8271379;0,00000;59,8271379;23,2457423;0,00000;23,2457423
LA-24;LA;24;1;59,8273845;23,2456528;59,83;23,25;59,8273823;0,00000;59,8273823;23,2456464;0,00005;23,2456964
LA-25;LA;25;1;59,8274659;23,2457141;59,83;23,25;59,8274680;0,00000;59,8274680;23,2457221;0,00000;23,2457221
LA-26;LA;26;1;59,8274502;23,2459667;59,83;23,25;59,8274501;0,00000;59,8274501;23,2459734;0,00000;23,2459734
LA-27;LA;27;1;59,8274389;23,2459966;59,83;23,25;59,8274395;0,00000;59,8274395;23,2460083;0,00000;23,2460083
LA-28;LA;28;1;59,8274609;23,2460082;59,83;23,25;59,8274555;0,00000;59,8274555;23,2460191;0,00000;23,2460191
LA-29;LA;29;1;59,8274649;23,2461016;59,83;23,25;59,8274625;-0,00001;59,8274575;23,2461108;0,00000;23,2461108
LA-30;LA;30;1;59,8274706;23,2460677;59,83;23,25;59,8274653;0,00000;59,8274653;23,2460889;0,00000;23,2460889
LA-18A;LA;18A;1;NA;NA;59,83;23,25;59,8269100;0,00001;59,8269160;23,2474800;0,00003;23,2475100
LA-24A;LA;24A;1;NA;NA;59,83;23,25;59,8273900;0,00000;59,8273900;23,2455900;0,00000;23,2455900
LA-9A;LA;9A;1;NA;NA;59,83;23,25;59,8269200;0,00002;59,8269400;23,2469600;0,00000;23,2469600
LG-1;LG;1;1;59,81824927;23,24706009;59,82;23,25;59,8182546;0,00000;59,8182546;23,2470500;0,00000;23,2470500
LG-2;LG;2;1;59,81822496;23,24696755;59,82;23,25;59,8182375;0,00000;59,8182375;23,2469688;0,00000;23,2469688
LG-3;LG;3;1;59,81821348;23,2469766;59,82;23,25;59,8182117;0,00000;59,8182117;23,2469783;0,00000;23,2469783
LG-4;LG;4;1;59,81808792;23,24727131;59,82;23,25;59,8181040;0,00000;59,8181040;23,2472807;0,00000;23,2472807
LG-5;LG;5;1;59,81794744;23,24696613;59,82;23,25;59,8179587;0,00000;59,8179587;23,2468781;0,00000;23,2468781
LG-6;LG;6;1;59,81792422;23,24698851;59,82;23,25;59,8179371;0,00000;59,8179371;23,2469893;0,00000;23,2469893
LG-7;LG;7;1;59,81789648;23,24695934;59,82;23,25;59,8179032;0,00000;59,8179032;23,2469647;0,00000;23,2469647
LG-8;LG;8;1;59,81788432;23,24671802;59,82;23,25;59,8178972;0,00000;59,8178972;23,2467440;0,00000;23,2467440
LG-9;LG;9;1;59,81784828;23,24677477;59,82;23,25;59,8178591;0,00000;59,8178591;23,2467674;0,00000;23,2467674
LG-10;LG;10;1;59,81789497;23,24678323;59,82;23,25;59,8179025;0,00000;59,8179025;23,2467866;0,00000;23,2467866
LG-11;LG;11;1;59,81791416;23,24679958;59,82;23,25;59,8179121;0,00000;59,8179121;23,2467998;0,00000;23,2467998
LG-12;LG;12;1;59,81795163;23,24671425;59,82;23,25;59,8179408;0,00000;59,8179408;23,2467171;0,00000;23,2467171
LG-13;LG;13;1;59,81793319;23,24687015;59,82;23,25;59,8179266;0,00000;59,8179266;23,2468901;0,00000;23,2468901
LG-14;LG;14;1;59,81802288;23,24675079;59,82;23,25;59,8180064;0,00000;59,8180064;23,2467504;0,00000;23,2467504
LG-15;LG;15;1;59,81804777;23,24702354;59,82;23,25;59,8180339;0,00000;59,8180339;23,2470218;0,00000;23,2470218
LG-16;LG;16;1;59,81810871;23,24695984;59,82;23,25;59,8180994;0,00000;59,8180994;23,2469599;0,00000;23,2469599
LG-17;LG;17;1;59,8181963;23,24685557;59,82;23,25;59,8181882;0,00000;59,8181882;23,2468778;0,00000;23,2468778
LG-6A;LG;6A;1;NA;NA;59,82;23,25;59,8179400;0,00000;59,8179400;23,2470300;0,00000;23,2470300
LON-1;LON;1;1;59,820002;23,2507942;59,82;23,25;59,8200060;0,00000;59,8200060;23,2507771;0,00000;23,2507771
LON-2;LON;2;1;59,81992129;23,25066481;59,82;23,25;59,8199456;0,00000;59,8199456;23,2506774;0,00000;23,2506774
LON-3;LON;3;1;59,81991241;23,25065911;59,82;23,25;59,8199362;0,00000;59,8199362;23,2506696;0,00000;23,2506696
LON-4;LON;4;1;59,8200292;23,2507777;59,82;23,25;59,8200546;0,00000;59,8200546;23,2507589;0,00000;23,2507589
LON-5;LON;5;1;59,8200527;23,2507957;59,82;23,25;59,8200764;0,00001;59,8200864;23,2507729;-0,00002;23,2507579
LON-6;LON;6;1;59,8200601;23,2507177;59,82;23,25;59,8200701;0,00002;59,8200901;23,2506989;-0,00002;23,2506789
LON-7;LON;7;1;59,8200096;23,2506645;59,82;23,25;59,8200248;0,00000;59,8200248;23,2506623;0,00000;23,2506623
LON-8;LON;8;1;NA;NA;59,82;23,25;59,8200100;0,00000;59,8200100;23,2506100;0,00000;23,2506100
LON-9;LON;9;1;59,8200337;23,2505372;59,82;23,25;59,8200519;0,00000;59,8200519;23,2505486;0,00000;23,2505486
LON-9A;LON;9A;1;NA;NA;59,82;23,25;59,8200600;0,00000;59,8200600;23,2504900;0,00000;23,2504900
LONA-1;LONA;1;1;59,8198682;23,2508999;NA;NA;59,8198682;0,00000;59,8198682;23,2508999;0,00000;23,2508999
LONA-2;LONA;2;1;59,8198299;23,2510523;NA;NA;59,8198299;0,00000;59,8198299;23,2510523;0,00000;23,2510523
M-1;M;1;1;59,8240814;23,2474905;NA;NA;59,8240814;0,00000;59,8240814;23,2474905;0,00000;23,2474905
M-2;M;2;1;59,82416807;23,247505;NA;NA;59,8241681;0,00000;59,8241681;23,2475050;0,00000;23,2475050
M-3;M;3;1;59,82427703;23,24750885;NA;NA;59,8242770;0,00000;59,8242770;23,2475089;0,00000;23,2475089
M-4;M;4;1;59,82423655;23,24759343;NA;NA;59,8242366;0,00000;59,8242366;23,2475934;0,00000;23,2475934
M-5;M;5;1;59,82432263;23,24747918;NA;NA;59,8243226;0,00000;59,8243226;23,2474792;0,00000;23,2474792
M-6;M;6;1;59,82433202;23,24754389;NA;NA;59,8243320;0,00000;59,8243320;23,2475439;0,00000;23,2475439
M-7;M;7;1;59,82429556;23,24755596;NA;NA;59,8242956;0,00000;59,8242956;23,2475560;0,00000;23,2475560
M-8;M;8;1;59,82439991;23,24787171;NA;NA;59,8243999;0,00000;59,8243999;23,2478717;0,00000;23,2478717
M-9;M;9;1;59,82436689;23,24800582;NA;NA;59,8243669;0,00000;59,8243669;23,2480058;0,00000;23,2480058
M-10;M;10;1;59,82432053;23,24797606;NA;NA;59,8243205;0,00000;59,8243205;23,2479761;0,00000;23,2479761
M-11;M;11;1;59,8244381;23,2482672;NA;NA;59,8244381;0,00000;59,8244381;23,2482672;0,00000;23,2482672
M-12;M;12;1;59,824397;23,2482867;NA;NA;59,8243970;0,00000;59,8243970;23,2482867;0,00000;23,2482867
M-13;M;13;1;59,8243076;23,2482265;59,82;23,25;59,8242988;0,00000;59,8242988;23,2482083;0,00000;23,2482083
M-14;M;14;1;59,8243769;23,2484944;59,82;23,25;59,8243635;0,00000;59,8243635;23,2484772;0,00000;23,2484772
M-15;M;15;1;59,8241812;23,2486656;59,82;23,25;59,8241806;0,00000;59,8241806;23,2486578;0,00000;23,2486578
M-16;M;16;1;59,824176;23,2487096;59,82;23,25;59,8241730;0,00000;59,8241730;23,2487248;0,00000;23,2487248
M-17;M;17;1;59,8241151;23,2486776;59,82;23,25;59,8241176;0,00000;59,8241176;23,2486838;0,00000;23,2486838
M-18;M;18;1;59,8240873;23,2487014;59,82;23,25;59,8240837;0,00000;59,8240837;23,2487057;0,00000;23,2487057
M-19;M;19;1;59,8240757;23,2486642;59,82;23,25;59,8240729;0,00000;59,8240729;23,2486621;0,00000;23,2486621
M-20;M;20;1;59,8240552;23,24849;59,82;23,25;59,8240476;0,00000;59,8240476;23,2484750;0,00000;23,2484750
M-21;M;21;1;59,8240191;23,2486205;59,82;23,25;59,8240246;0,00000;59,8240246;23,2486003;0,00000;23,2486003
M-22;M;22;1;59,8240056;23,2486445;59,82;23,25;59,8240153;0,00000;59,8240153;23,2486423;0,00000;23,2486423
M-23;M;23;1;59,8239755;23,2488469;59,82;23,25;59,8239728;0,00000;59,8239728;23,2488335;0,00000;23,2488335
M-24;M;24;1;59,8237761;23,248919;59,82;23,25;59,8237781;0,00000;59,8237781;23,2488945;0,00000;23,2488945
M-25;M;25;1;59,8237786;23,2489576;59,82;23,25;59,8237643;0,00000;59,8237643;23,2489438;0,00000;23,2489438
M-26;M;26;1;59,8237441;23,2490108;NA;NA;59,8237441;0,00000;59,8237441;23,2490108;0,00000;23,2490108
M-27;M;27;1;59,8237335;23,2490495;NA;NA;59,8237335;0,00000;59,8237335;23,2490495;0,00000;23,2490495
M-28;M;28;1;59,8236781;23,2490934;NA;NA;59,8236781;0,00000;59,8236781;23,2490934;0,00000;23,2490934
M-29;M;29;1;59,823675;23,2491883;NA;NA;59,8236750;0,00000;59,8236750;23,2491883;0,00000;23,2491883
M-30;M;30;1;59,8236234;23,2492442;NA;NA;59,8236234;0,00000;59,8236234;23,2492442;0,00000;23,2492442
M-30A;M;30A;1;NA;NA;59,82;23,25;59,8235898;0,00000;59,8235898;23,2492000;0,00000;23,2492000
M-31;M;31;1;59,8235898;23,24928;NA;NA;59,8235898;0,00000;59,8235898;23,2492800;0,00000;23,2492800
M-32;M;32;1;59,8236066;23,2493307;NA;NA;59,8236066;0,00000;59,8236066;23,2493307;0,00000;23,2493307
M-33;M;33;1;59,8236184;23,249441;59,82;23,25;59,8236042;0,00000;59,8236042;23,2493905;0,00000;23,2493905
M-34;M;34;1;59,8235348;23,2494324;NA;NA;59,8235348;0,00000;59,8235348;23,2494324;0,00000;23,2494324
M-35;M;35;1;59,8235662;23,2495239;59,82;23,25;59,8235431;0,00000;59,8235431;23,2495020;0,00000;23,2495020
M-36;M;36;1;59,823614;23,249553;59,82;23,25;59,8235920;0,00000;59,8235920;23,2495265;0,00000;23,2495265
M-37;M;37;1;59,8235604;23,2495711;NA;NA;59,8235604;0,00000;59,8235604;23,2495711;0,00000;23,2495711
M-38;M;38;1;59,8235573;23,2496279;NA;NA;59,8235573;0,00000;59,8235573;23,2496279;0,00000;23,2496279
M-39;M;39;1;59,8235353;23,249612;NA;NA;59,8235353;0,00000;59,8235353;23,2496120;0,00000;23,2496120
M-40;M;40;1;59,8234528;23,2495916;NA;NA;59,8234528;0,00000;59,8234528;23,2495916;0,00000;23,2495916
M-41;M;41;1;59,8234446;23,2496662;NA;NA;59,8234446;0,00000;59,8234446;23,2496662;0,00000;23,2496662
M-42;M;42;1;59,8234394;23,2497438;NA;NA;59,8234394;0,00000;59,8234394;23,2497438;0,00000;23,2497438
M-43;M;43;1;59,8233868;23,249542;NA;NA;59,8233868;0,00000;59,8233868;23,2495420;0,00000;23,2495420
M-44;M;44;1;59,8233811;23,2496054;NA;NA;59,8233811;0,00000;59,8233811;23,2496054;0,00000;23,2496054
M-45;M;45;1;59,8234125;23,2497725;NA;NA;59,8234125;0,00000;59,8234125;23,2497725;0,00000;23,2497725
M-46;M;46;1;59,8234024;23,2498128;NA;NA;59,8234024;0,00000;59,8234024;23,2498128;0,00000;23,2498128
M-47;M;47;1;59,8233718;23,2497948;NA;NA;59,8233718;0,00000;59,8233718;23,2497948;0,00000;23,2497948
M-48;M;48;1;59,823339;23,2497602;NA;NA;59,8233390;0,00000;59,8233390;23,2497602;0,00000;23,2497602
M-49;M;49;1;59,8224731;23,2495799;NA;NA;59,8224731;0,00000;59,8224731;23,2495799;0,00000;23,2495799
M-50;M;50;1;59,8224439;23,2495205;NA;NA;59,8224439;0,00000;59,8224439;23,2495205;0,00000;23,2495205
M-51;M;51;1;59,8224466;23,2495552;NA;NA;59,8224466;0,00000;59,8224466;23,2495552;0,00000;23,2495552
M-52;M;52;1;59,8224568;23,249579;NA;NA;59,8224568;0,00000;59,8224568;23,2495790;0,00000;23,2495790
M-53;M;53;1;59,8222181;23,2494375;NA;NA;59,8222181;0,00000;59,8222181;23,2494375;0,00000;23,2494375
M-54;M;54;1;59,8222044;23,2494913;NA;NA;59,8222044;0,00000;59,8222044;23,2494913;0,00000;23,2494913
M-55;M;55;1;59,8221938;23,2495296;NA;NA;59,8221938;0,00000;59,8221938;23,2495296;0,00000;23,2495296
M-56;M;56;1;59,82214;23,2495842;NA;NA;59,8221400;0,00000;59,8221400;23,2495842;0,00000;23,2495842
M-57;M;57;1;59,8222523;23,2495017;NA;NA;59,8222523;0,00000;59,8222523;23,2495017;0,00000;23,2495017
M-58;M;58;1;59,8222693;23,2495431;NA;NA;59,8222693;0,00000;59,8222693;23,2495431;0,00000;23,2495431
M-59;M;59;1;59,8222852;23,2495303;NA;NA;59,8222852;0,00000;59,8222852;23,2495303;0,00000;23,2495303
M-60;M;60;1;59,8220158;23,24931;NA;NA;59,8220158;0,00000;59,8220158;23,2493100;0,00000;23,2493100
M-61;M;61;1;59,822015;23,2493739;NA;NA;59,8220150;0,00000;59,8220150;23,2493739;0,00000;23,2493739
M-62;M;62;1;59,82139215;23,24803339;NA;NA;59,8213922;0,00000;59,8213922;23,2480334;0,00000;23,2480334
M-63;M;63;1;59,82135451;23,24806659;NA;NA;59,8213545;0,00000;59,8213545;23,2480666;0,00000;23,2480666
M-64;M;64;1;59,82112594;23,24778185;NA;NA;59,8211259;0,00000;59,8211259;23,2477819;0,00000;23,2477819
M-65;M;65;1;59,82099577;23,24775092;NA;NA;59,8209958;0,00000;59,8209958;23,2477509;0,00000;23,2477509
M-66;M;66;1;59,82058229;23,24734574;NA;NA;59,8205823;0,00000;59,8205823;23,2473457;0,00000;23,2473457
M-67;M;67;1;59,8205646;23,24741288;NA;NA;59,8205646;0,00000;59,8205646;23,2474129;0,00000;23,2474129
M-68;M;68;1;59,82055815;23,24727785;NA;NA;59,8205582;0,00000;59,8205582;23,2472779;0,00000;23,2472779
M-69;M;69;1;59,81964486;23,24714776;NA;NA;59,8196449;0,00000;59,8196449;23,2471478;0,00000;23,2471478
M-70;M;70;1;59,81977369;23,24795762;NA;NA;59,8197737;0,00000;59,8197737;23,2479576;-0,00006;23,2478976
M-71;M;71;1;59,81970445;23,24780004;NA;NA;59,8197045;0,00000;59,8197045;23,2478000;0,00000;23,2478000
M-72;M;72;1;59,81939642;23,24754758;59,82;23,25;59,8193982;0,00000;59,8193982;23,2475438;-0,00006;23,2474838
M-73;M;73;1;59,819397;23,24759527;59,82;23,25;59,8193985;0,00000;59,8193985;23,2475726;0,00000;23,2475726
M-14A;M;14A;1;NA;NA;59,82;23,25;59,8242500;0,00000;59,8242500;23,2483500;0,00000;23,2483500
M-23A;M;23A;1;NA;NA;59,82;23,25;59,8239500;0,00000;59,8239500;23,2488200;0,00000;23,2488200
M-25A;M;25A;1;NA;NA;59,82;23,25;59,8237750;0,00000;59,8237750;23,2489900;0,00000;23,2489900
M-36A;M;36A;1;NA;NA;59,82;23,25;59,8236000;0,00004;59,8236400;23,2494300;0,00008;23,2495100
M-63A;M;63A;1;59,82126391;23,24798738;NA;NA;59,8212639;0,00000;59,8212639;23,2479874;0,00000;23,2479874
N-1;N;1;1;59,8225803;23,2607156;NA;NA;59,8225803;0,00000;59,8225803;23,2607156;0,00000;23,2607156
N-2;N;2;1;59,8226519;23,2608176;NA;NA;59,8226519;0,00000;59,8226519;23,2608176;0,00000;23,2608176
N-3;N;3;1;59,8226007;23,2608549;NA;NA;59,8226007;0,00000;59,8226007;23,2608549;0,00000;23,2608549
N-4;N;4;1;59,8225827;23,2607782;NA;NA;59,8225827;0,00000;59,8225827;23,2607782;0,00000;23,2607782
N-5;N;5;1;59,822561;23,2607989;NA;NA;59,8225610;0,00000;59,8225610;23,2607989;0,00000;23,2607989
N-6;N;6;1;59,8225537;23,2608106;NA;NA;59,8225537;0,00000;59,8225537;23,2608106;0,00000;23,2608106
N-7;N;7;1;59,8225528;23,260851;NA;NA;59,8225528;0,00000;59,8225528;23,2608510;0,00000;23,2608510
N-8;N;8;1;59,8226009;23,2609657;NA;NA;59,8226009;0,00000;59,8226009;23,2609657;0,00000;23,2609657
N-9;N;9;1;59,8225464;23,2609869;NA;NA;59,8225464;0,00000;59,8225464;23,2609869;0,00000;23,2609869
N-10;N;10;1;59,822524;23,2610511;NA;NA;59,8225240;0,00000;59,8225240;23,2610511;0,00000;23,2610511
N-11;N;11;1;59,8225533;23,2611433;NA;NA;59,8225533;0,00000;59,8225533;23,2611433;0,00000;23,2611433
N-12;N;12;1;59,8225473;23,2612284;NA;NA;59,8225473;0,00000;59,8225473;23,2612284;0,00000;23,2612284
N-13;N;13;1;59,8225213;23,2613517;NA;NA;59,8225213;0,00000;59,8225213;23,2613517;0,00000;23,2613517
N-14;N;14;1;59,822481;23,2612984;59,82;23,26;59,8224605;0,00000;59,8224605;23,2613342;0,00000;23,2613342
N-15;N;15;1;59,8224241;23,260855;59,82;23,26;59,8224221;0,00000;59,8224221;23,2608575;0,00000;23,2608575
N-16;N;16;1;59,8223613;23,2606566;59,82;23,26;59,8223557;0,00000;59,8223557;23,2606683;0,00000;23,2606683
N-17;N;17;1;59,8223356;23,260614;NA;NA;59,8223356;0,00000;59,8223356;23,2606140;0,00000;23,2606140
N-18;N;18;1;59,8223077;23,2605668;NA;NA;59,8223077;0,00000;59,8223077;23,2605668;0,00000;23,2605668
N-19;N;19;1;59,8223073;23,2605019;NA;NA;59,8223073;0,00000;59,8223073;23,2605019;0,00000;23,2605019
N-20;N;20;1;59,8223178;23,2608275;NA;NA;59,8223178;0,00000;59,8223178;23,2608275;0,00000;23,2608275
N-21;N;21;1;59,8223234;23,261262;NA;NA;59,8223234;0,00000;59,8223234;23,2612620;0,00000;23,2612620
N-22;N;22;1;59,822338;23,2613062;NA;NA;59,8223380;0,00000;59,8223380;23,2613062;0,00000;23,2613062
N-23;N;23;1;59,8223373;23,2612499;59,82;23,26;59,8223187;0,00003;59,8223487;23,2612450;0,00000;23,2612450
N-24;N;24;1;59,8223505;23,2612985;59,82;23,26;59,8223453;0,00002;59,8223603;23,2613343;0,00000;23,2613343
N-25;N;25;1;59,8222634;23,2612445;59,82;23,26;59,8222842;0,00000;59,8222842;23,2612623;0,00000;23,2612623
N-26;N;26;1;59,8223394;23,2614557;59,82;23,26;59,8222947;0,00007;59,8223647;23,2613729;0,00008;23,2614529
N-27;N;27;1;59,8223577;23,2615453;NA;NA;59,8223577;0,00000;59,8223577;23,2615453;0,00000;23,2615453
N-28;N;28;1;59,8223226;23,2616389;NA;NA;59,8223226;0,00000;59,8223226;23,2616389;0,00000;23,2616389
N-28A;N;28;1;NA;NA;NA;NA;59,8223000;0,00000;59,8223000;23,2616600;0,00000;23,2616600
N-29;N;29;1;59,8222962;23,2616965;NA;NA;59,8222962;0,00000;59,8222962;23,2616965;0,00000;23,2616965
N-30;N;30;1;59,8224349;23,2616904;NA;NA;59,8224349;0,00000;59,8224349;23,2616904;0,00000;23,2616904
N-31;N;31;1;59,8224629;23,2617228;NA;NA;59,8224629;0,00000;59,8224629;23,2617228;0,00000;23,2617228
N-32;N;32;1;59,8223525;23,2620349;NA;NA;59,8223525;0,00000;59,8223525;23,2620349;0,00000;23,2620349
N-33;N;33;1;59,8223612;23,2620983;NA;NA;59,8223612;0,00000;59,8223612;23,2620983;0,00000;23,2620983
N-34;N;34;1;59,8223692;23,2622001;NA;NA;59,8223692;0,00000;59,8223692;23,2622001;0,00000;23,2622001
N-35;N;35;1;59,8222791;23,2614138;NA;NA;59,8222791;0,00000;59,8222791;23,2614138;0,00000;23,2614138
N-36;N;36;1;59,8222549;23,2613045;NA;NA;59,8222549;0,00000;59,8222549;23,2613045;0,00000;23,2613045
N-37;N;37;1;59,8221981;23,2612776;NA;NA;59,8221981;0,00000;59,8221981;23,2612776;0,00000;23,2612776
N-38;N;38;1;59,8222211;23,2613904;59,82;23,26;59,8222206;0,00000;59,8222206;23,2614202;0,00000;23,2614202
N-39;N;39;1;59,8221833;23,261421;59,82;23,26;59,8221717;0,00000;59,8221717;23,2614305;0,00000;23,2614305
N-40;N;40;1;59,8221622;23,2613185;59,82;23,26;59,8221561;0,00000;59,8221561;23,2613343;0,00000;23,2613343
N-41;N;41;1;59,8222067;23,2611716;NA;NA;59,8222067;0,00000;59,8222067;23,2611716;0,00000;23,2611716
N-42;N;42;1;59,8222365;23,2610269;NA;NA;59,8222365;0,00000;59,8222365;23,2610269;0,00000;23,2610269
N-43;N;43;1;59,8221916;23,2610118;NA;NA;59,8221916;0,00000;59,8221916;23,2610118;0,00000;23,2610118
N-44;N;44;1;59,8222217;23,2608839;NA;NA;59,8222217;0,00000;59,8222217;23,2608839;0,00000;23,2608839
N-45;N;45;1;59,8222339;23,2608332;NA;NA;59,8222339;0,00000;59,8222339;23,2608332;0,00000;23,2608332
N-46;N;46;1;59,8221617;23,2608407;NA;NA;59,8221617;0,00000;59,8221617;23,2608407;0,00000;23,2608407
N-47;N;47;1;59,822218;23,2606932;NA;NA;59,8222180;0,00000;59,8222180;23,2606932;0,00000;23,2606932
N-48;N;48;1;59,8221876;23,2607655;NA;NA;59,8221876;0,00000;59,8221876;23,2607655;0,00000;23,2607655
N-49;N;49;1;59,8221325;23,2605933;NA;NA;59,8221325;0,00000;59,8221325;23,2605933;0,00000;23,2605933
N-50;N;50;1;59,8220601;23,2604198;NA;NA;59,8220601;0,00000;59,8220601;23,2604198;0,00000;23,2604198
N-51;N;51;1;59,8220821;23,2606192;NA;NA;59,8220821;0,00000;59,8220821;23,2606192;0,00000;23,2606192
N-52;N;52;1;59,8220777;23,2606632;NA;NA;59,8220777;0,00000;59,8220777;23,2606632;0,00000;23,2606632
N-53;N;53;1;59,8220887;23,2607056;NA;NA;59,8220887;0,00000;59,8220887;23,2607056;0,00000;23,2607056
N-54;N;54;1;59,8220748;23,2607621;NA;NA;59,8220748;0,00000;59,8220748;23,2607621;0,00000;23,2607621
N-55;N;55;1;59,8221027;23,2608026;NA;NA;59,8221027;0,00000;59,8221027;23,2608026;0,00000;23,2608026
N-56;N;56;1;59,8220858;23,2608704;NA;NA;59,8220858;0,00000;59,8220858;23,2608704;0,00000;23,2608704
N-57;N;57;1;59,8221052;23,2610085;NA;NA;59,8221052;0,00000;59,8221052;23,2610085;0,00000;23,2610085
N-58;N;58;1;59,8220428;23,2609471;NA;NA;59,8220428;0,00000;59,8220428;23,2609471;0,00000;23,2609471
N-59;N;59;1;59,8220345;23,2608789;NA;NA;59,8220345;0,00000;59,8220345;23,2608789;0,00000;23,2608789
N-60;N;60;1;59,8220541;23,2608139;NA;NA;59,8220541;0,00000;59,8220541;23,2608139;0,00000;23,2608139
N-61;N;61;1;59,8220337;23,2607999;NA;NA;59,8220337;0,00000;59,8220337;23,2607999;0,00000;23,2607999
N-62;N;62;1;59,8220158;23,2607766;NA;NA;59,8220158;0,00000;59,8220158;23,2607766;0,00000;23,2607766
N-63;N;63;1;59,8220211;23,2607225;NA;NA;59,8220211;0,00000;59,8220211;23,2607225;0,00000;23,2607225
N-64;N;64;1;59,8220093;23,2606569;NA;NA;59,8220093;0,00000;59,8220093;23,2606569;0,00000;23,2606569
N-65;N;65;1;59,8220051;23,2606122;NA;NA;59,8220051;0,00000;59,8220051;23,2606122;0,00000;23,2606122
N-66;N;66;1;59,8219801;23,260623;NA;NA;59,8219801;0,00000;59,8219801;23,2606230;0,00000;23,2606230
N-67;N;67;1;59,8219621;23,2606834;NA;NA;59,8219621;0,00000;59,8219621;23,2606834;0,00000;23,2606834
N-68;N;68;1;59,8220224;23,2602887;NA;NA;59,8220224;0,00000;59,8220224;23,2602887;0,00000;23,2602887
N-69;N;69;1;59,822057;23,260226;NA;NA;59,8220570;0,00000;59,8220570;23,2602260;0,00000;23,2602260
N-70;N;70;1;59,8220345;23,2601253;NA;NA;59,8220345;0,00000;59,8220345;23,2601253;0,00000;23,2601253
N-71;N;71;1;59,8220091;23,2602464;NA;NA;59,8220091;0,00000;59,8220091;23,2602464;0,00000;23,2602464
N-72;N;72;1;59,8220054;23,2601124;NA;NA;59,8220054;0,00000;59,8220054;23,2601124;0,00000;23,2601124
N-73;N;73;1;59,8219868;23,2601938;NA;NA;59,8219868;0,00000;59,8219868;23,2601938;0,00000;23,2601938
N-74;N;74;1;59,8220032;23,2600033;NA;NA;59,8220032;0,00000;59,8220032;23,2600033;0,00000;23,2600033
N-75;N;75;1;59,8219884;23,2600255;NA;NA;59,8219884;0,00000;59,8219884;23,2600255;0,00000;23,2600255
N-76;N;76;1;59,8222289;23,2598931;NA;NA;59,8222289;0,00000;59,8222289;23,2598931;0,00000;23,2598931
N-77;N;77;1;59,8222478;23,2598992;NA;NA;59,8222478;0,00000;59,8222478;23,2598992;0,00000;23,2598992
N-78;N;78;1;59,8222748;23,2599893;NA;NA;59,8222748;0,00000;59,8222748;23,2599893;0,00000;23,2599893
N-79;N;79;1;59,8222532;23,2599946;NA;NA;59,8222532;0,00000;59,8222532;23,2599946;0,00000;23,2599946
N-80;N;80;1;59,8222892;23,2599657;NA;NA;59,8222892;0,00000;59,8222892;23,2599657;0,00000;23,2599657
N-81;N;81;1;59,8222602;23,2598536;NA;NA;59,8222602;0,00000;59,8222602;23,2598536;0,00000;23,2598536
N-82;N;82;1;59,8222878;23,2597531;NA;NA;59,8222878;0,00000;59,8222878;23,2597531;0,00000;23,2597531
N-83;N;83;1;59,8223344;23,2599911;NA;NA;59,8223344;0,00000;59,8223344;23,2599911;0,00000;23,2599911
N-84;N;84;1;59,8223463;23,2600372;NA;NA;59,8223463;0,00000;59,8223463;23,2600372;0,00000;23,2600372
N-85;N;85;1;59,822427;23,2600389;59,82;23,26;59,8224135;0,00000;59,8224135;23,2600545;0,00000;23,2600545
N-86;N;86;1;59,82249;23,260049;59,82;23,26;59,8224900;0,00000;59,8224900;23,2600720;0,00000;23,2600720
N-87;N;87;1;59,8224919;23,2600127;59,82;23,26;59,8224760;0,00000;59,8224760;23,2600064;0,00000;23,2600064
N-88;N;88;1;59,8225256;23,2600066;59,82;23,26;59,8225128;0,00000;59,8225128;23,2600033;0,00000;23,2600033
N-89;N;89;1;59,8225437;23,2600758;59,82;23,26;59,8225269;0,00000;59,8225269;23,2600879;0,00000;23,2600879
N-90;N;90;1;59,8224235;23,260214;59,82;23,26;59,8224168;0,00000;59,8224168;23,2602220;0,00000;23,2602220
N-91;N;91;1;59,8223335;23,2593436;NA;NA;59,8223335;0,00000;59,8223335;23,2593436;0,00000;23,2593436
N-92;N;92;1;59,8223303;23,2590524;NA;NA;59,8223303;0,00000;59,8223303;23,2590524;0,00000;23,2590524
N-93;N;93;1;59,8222988;23,2589942;NA;NA;59,8222988;0,00000;59,8222988;23,2589942;0,00000;23,2589942
N-94;N;94;1;59,8223423;23,2588891;NA;NA;59,8223423;-0,00002;59,8223223;23,2588891;0,00000;23,2588891
N-95;N;95;1;59,8221605;23,2586398;NA;NA;59,8221605;0,00000;59,8221605;23,2586398;0,00000;23,2586398
N-96;N;96;1;59,8221172;23,2583962;NA;NA;59,8221172;0,00000;59,8221172;23,2583962;0,00000;23,2583962
N-97;N;97;1;59,8220903;23,2584861;NA;NA;59,8220903;0,00000;59,8220903;23,2584861;0,00000;23,2584861
N-98;N;98;1;59,8220463;23,2585344;NA;NA;59,8220463;0,00000;59,8220463;23,2585344;0,00000;23,2585344
N-15A;N;15A;1;NA;NA;59,82;23,26;59,8224700;0,00000;59,8224700;23,2607700;0,00000;23,2607700
N-24A;N;24A;1;NA;NA;59,82;23,26;59,8223300;0,00003;59,8223600;23,2613800;0,00002;23,2614000
N-39A;N;39A;1;NA;NA;59,82;23,26;59,8221800;0,00000;59,8221800;23,2615000;0,00000;23,2615000
N-85A;N;85A;1;NA;NA;59,82;23,26;59,8224300;0,00000;59,8224300;23,2599800;0,00000;23,2599800
SK-1;SK;1;1;59,8326996;23,2587405;NA;NA;59,8326996;0,00000;59,8326996;23,2587405;0,00000;23,2587405
SK-2;SK;2;1;59,8327932;23,2587152;NA;NA;59,8327932;0,00000;59,8327932;23,2587152;0,00000;23,2587152
SK-3;SK;3;1;59,832787;23,2587454;NA;NA;59,8327870;0,00000;59,8327870;23,2587454;0,00000;23,2587454
SK-4;SK;4;1;59,8324225;23,2589496;59,83;23,26;59,8324263;0,00000;59,8324263;23,2589698;0,00000;23,2589698
SK-5;SK;5;1;59,832437;23,258973;59,83;23,26;59,8324185;0,00000;59,8324185;23,2589965;0,00000;23,2589965
SK-6;SK;6;1;59,8323896;23,259086;59,83;23,26;59,8324048;0,00000;59,8324048;23,2590830;0,00000;23,2590830
SK-7;SK;7;1;59,832355;23,2590726;59,83;23,26;59,8323725;0,00000;59,8323725;23,2590763;0,00000;23,2590763
SK-8;SK;8;1;59,8323179;23,2590016;59,83;23,26;59,8323490;0,00000;59,8323490;23,2590208;0,00000;23,2590208
SK-9;SK;9;1;59,8323163;23,2589863;59,83;23,26;59,8323382;0,00000;59,8323382;23,2589932;0,00000;23,2589932
SK-10;SK;10;1;59,8320769;23,2591775;NA;NA;59,8320769;0,00000;59,8320769;23,2591775;0,00000;23,2591775
SK-11;SK;11;1;59,8320716;23,2592668;NA;NA;59,8320716;0,00000;59,8320716;23,2592668;0,00000;23,2592668
SK-12;SK;12;1;59,83201;23,2591325;NA;NA;59,8320100;0,00000;59,8320100;23,2591325;0,00000;23,2591325
SK-13;SK;13;1;59,8320134;23,2592291;NA;NA;59,8320134;0,00000;59,8320134;23,2592291;0,00000;23,2592291
SK-14;SK;14;1;59,8320393;23,2593061;NA;NA;59,8320393;0,00000;59,8320393;23,2593061;0,00000;23,2593061
SK-15;SK;15;1;59,8314475;23,2576872;59,83;23,26;59,8314188;0,00000;59,8314188;23,2576536;0,00000;23,2576536
SK-16;SK;16;1;59,8312254;23,2577549;59,83;23,26;59,8312027;0,00000;59,8312027;23,2577175;0,00000;23,2577175
SK-17;SK;17;1;59,8312382;23,2577189;59,83;23,26;59,8312191;0,00000;59,8312191;23,2577045;0,00000;23,2577045
SK-18;SK;18;1;59,8312614;23,2576994;59,83;23,26;59,8312457;0,00000;59,8312457;23,2576797;0,00000;23,2576797
SK-19;SK;19;1;59,831157;23,2577707;59,83;23,26;59,8311435;0,00000;59,8311435;23,2577704;0,00000;23,2577704
SK-20;SK;20;1;59,831129;23,257812;59,83;23,26;59,8311145;0,00000;59,8311145;23,2578410;0,00002;23,2578610
SK-21;SK;21;1;59,8313162;23,2575732;59,83;23,26;59,8312981;0,00000;59,8312981;23,2575516;0,00000;23,2575516
SK-22;SK;22;1;59,8313245;23,2575157;59,83;23,26;59,8313123;0,00000;59,8313123;23,2574929;0,00000;23,2574929
SK-23;SK;23;1;59,8313461;23,2560967;59,83;23,26;59,8313431;0,00000;59,8313431;23,2560834;0,00000;23,2560834
SK-24;SK;24;1;59,8313743;23,2561249;59,83;23,26;59,8313772;0,00000;59,8313772;23,2561175;0,00000;23,2561175
SK-25;SK;25;1;59,8312512;23,2559709;59,83;23,26;59,8312556;0,00000;59,8312556;23,2559605;0,00000;23,2559605
SK-26;SK;26;1;59,8312407;23,2558702;59,83;23,26;59,8312504;0,00000;59,8312504;23,2558701;0,00000;23,2558701
SK-27;SK;27;1;59,8312138;23,2559058;59,83;23,26;59,8312219;0,00000;59,8312219;23,2559129;0,00000;23,2559129
SK-28;SK;28;1;59,8312804;23,2557349;59,83;23,26;59,8312752;0,00000;59,8312752;23,2557675;0,00000;23,2557675
SK-29;SK;29;1;59,8312203;23,2557521;59,83;23,26;59,8312352;0,00000;59,8312352;23,2557511;0,00000;23,2557511
SK-30;SK;30;1;59,8311374;23,2554772;59,83;23,26;59,8311387;0,00000;59,8311387;23,2554536;0,00000;23,2554536
SK-31;SK;31;1;59,831124;23,2554675;59,83;23,26;59,8311220;0,00000;59,8311220;23,2554788;0,00000;23,2554788
SK-32;SK;32;1;59,8311714;23,2552628;59,83;23,26;59,8311707;0,00000;59,8311707;23,2552814;0,00000;23,2552814
SK-33;SK;33;1;59,8311822;23,2549928;NA;NA;59,8311822;0,00000;59,8311822;23,2549928;0,00000;23,2549928
SK-34;SK;34;1;59,8312183;23,2546017;NA;NA;59,8312183;0,00000;59,8312183;23,2546017;0,00000;23,2546017
SK-35;SK;35;1;59,8311254;23,2543208;NA;NA;59,8311254;0,00000;59,8311254;23,2543208;0,00000;23,2543208
SK-36;SK;36;1;59,8312051;23,2541051;NA;NA;59,8312051;0,00000;59,8312051;23,2541051;0,00000;23,2541051
SK-37;SK;37;1;59,8311566;23,2544819;NA;NA;59,8311566;0,00000;59,8311566;23,2544819;0,00000;23,2544819
SK-38;SK;38;1;59,8320561;23,2549379;59,83;23,25;59,8320531;-0,00002;59,8320331;23,2549090;0,00000;23,2549090
SK-39;SK;39;1;59,8320937;23,2549071;59,83;23,25;59,8320869;-0,00004;59,8320469;23,2548836;0,00000;23,2548836
SK-40;SK;40;1;59,832159;23,255123;59,83;23,26;59,8321545;-0,00005;59,8321045;23,2551265;0,00000;23,2551265
SK-40A;SK;40A;1;NA;NA;NA;NA;59,83213;0,00000;59,8321300;23,255022;0,00000;23,2550220
SK-41;SK;41;1;59,8321823;23,2551074;59,83;23,26;59,8322062;-0,00005;59,8321562;23,2551037;0,00000;23,2551037
SK-42;SK;42;1;59,8321921;23,2551872;59,83;23,26;59,8322011;-0,00005;59,8321511;23,2551636;0,00000;23,2551636
SK-43;SK;43;1;59,8321978;23,2551903;59,83;23,26;59,8322139;-0,00005;59,8321639;23,2551752;0,00000;23,2551752
SK-44;SK;44;1;59,8322215;23,2552006;59,83;23,26;59,8322258;-0,00005;59,8321758;23,2552103;0,00000;23,2552103
SK-45;SK;45;1;59,8322046;23,2552304;NA;NA;59,8322046;-0,00005;59,8321546;23,2552304;0,00000;23,2552304
SK-46;SK;46;1;59,8325407;23,255463;NA;NA;59,8325407;0,00000;59,8325407;23,2554630;-0,00005;23,2554130
SK-47;SK;47;1;59,8325146;23,2555789;NA;NA;59,8325146;0,00000;59,8325146;23,2555789;-0,00005;23,2555289
SK-48;SK;48;1;59,8325423;23,2555435;NA;NA;59,8325423;0,00000;59,8325423;23,2555435;-0,00007;23,2554735
SK-49;SK;49;1;59,8325361;23,2552614;NA;NA;59,8325361;0,00000;59,8325361;23,2552614;0,00000;23,2552614
SK-50;SK;50;1;59,8325076;23,2552474;NA;NA;59,8325076;0,00000;59,8325076;23,2552474;0,00000;23,2552474
SK-51;SK;51;1;59,8324903;23,2552383;NA;NA;59,8324903;0,00000;59,8324903;23,2552383;0,00000;23,2552383
SK-52;SK;52;1;59,8324752;23,2552418;NA;NA;59,8324752;0,00000;59,8324752;23,2552418;0,00000;23,2552418
SK-53;SK;53;1;59,8324801;23,2552058;NA;NA;59,8324801;0,00000;59,8324801;23,2552058;0,00000;23,2552058
SK-54;SK;54;1;59,8329816;23,2571196;NA;NA;59,8329816;0,00000;59,8329816;23,2571196;0,00000;23,2571196
SK-55;SK;55;1;59,8329944;23,2570863;NA;NA;59,8329944;0,00000;59,8329944;23,2570863;0,00000;23,2570863
SK-56;SK;56;1;59,8330354;23,2571027;NA;NA;59,8330354;0,00000;59,8330354;23,2571027;0,00000;23,2571027
SK-57;SK;57;1;59,8330351;23,257128;NA;NA;59,8330351;0,00000;59,8330351;23,2571280;0,00000;23,2571280
SK-58;SK;58;1;59,833045;23,2574301;NA;NA;59,8330450;0,00000;59,8330450;23,2574301;0,00000;23,2574301
SK-20A;SK;20A;1;NA;NA;59,83;23,26;59,8312100;0,00004;59,8312500;23,2577500;0,00005;23,2578000
SK-29A;SK;29A;1;NA;NA;59,83;23,26;59,8311800;0,00000;59,8311800;23,2557600;0,00000;23,2557600
SK-30A;SK;30A;1;59,8311618;23,2555395;59,83;23,26;59,8311659;0,00000;59,8311659;23,2555648;0,00000;23,2555648
SKN-1;SKN;1;1;59,8331719;23,2587124;59,83;23,26;59,8331660;0,00000;59,8331660;23,2587062;0,00000;23,2587062
SKN-2;SKN;2;1;NA;NA;59,83;23,26;59,8331600;0,00000;59,8331600;23,2585900;0,00000;23,2585900
SKO-1;SKO;1;1;59,8329862;23,258496;59,83;23,26;59,8329756;0,00000;59,8329756;23,2584930;0,00000;23,2584930
SKO-2;SKO;2;1;59,8330013;23,2584707;59,83;23,26;59,8329907;0,00000;59,8329907;23,2584704;0,00000;23,2584704
SKO-3;SKO;3;1;59,8330353;23,2584705;59,83;23,26;59,8330277;0,00000;59,8330277;23,2585003;0,00000;23,2585003
SKO-4;SKO;4;1;59,833016;23,2584104;59,83;23,26;59,8330030;0,00000;59,8330030;23,2584152;0,00000;23,2584152
SKO-5;SKO;5;1;59,8329932;23,2584139;59,83;23,26;59,8329616;0,00000;59,8329616;23,2584020;0,00000;23,2584020
SKO-6;SKO;6;1;59,832994;23,2584534;59,83;23,26;59,8329820;0,00000;59,8329820;23,2584567;0,00000;23,2584567
SKO-7;SKO;7;1;59,833007;23,258394;59,83;23,26;59,8330035;0,00000;59,8330035;23,2583970;0,00000;23,2583970
SKW-1;SKW;1;1;59,8329505;23,2561949;NA;NA;59,8329505;0,00000;59,8329505;23,2561949;0,00000;23,2561949
SKW-2;SKW;2;1;59,8329692;23,2562571;NA;NA;59,8329692;0,00000;59,8329692;23,2562571;0,00000;23,2562571
SKW-3;SKW;3;1;59,8329238;23,2562556;NA;NA;59,8329238;0,00000;59,8329238;23,2562556;0,00000;23,2562556
